-- phpMyAdmin SQL Dump
-- version 5.2.1
-- https://www.phpmyadmin.net/
--
-- Host: 127.0.0.1
-- 생성 시간: 24-09-06 10:31
-- 서버 버전: 10.4.32-MariaDB
-- PHP 버전: 8.2.12

SET SQL_MODE = "NO_AUTO_VALUE_ON_ZERO";
START TRANSACTION;
SET time_zone = "+00:00";


/*!40101 SET @OLD_CHARACTER_SET_CLIENT=@@CHARACTER_SET_CLIENT */;
/*!40101 SET @OLD_CHARACTER_SET_RESULTS=@@CHARACTER_SET_RESULTS */;
/*!40101 SET @OLD_COLLATION_CONNECTION=@@COLLATION_CONNECTION */;
/*!40101 SET NAMES utf8mb4 */;

--
-- 데이터베이스: `tamgo`
--

-- --------------------------------------------------------

--
-- 테이블 구조 `evalution`
--

CREATE TABLE `evalution` (
  `num` int(11) NOT NULL,
  `task` int(11) DEFAULT NULL,
  `uploader` int(11) DEFAULT NULL,
  `createdAt` datetime DEFAULT current_timestamp(),
  `isActive` int(11) DEFAULT 0,
  `updatedAt` char(20) DEFAULT NULL,
  `type` int(11) DEFAULT NULL,
  `score` int(11) DEFAULT NULL
) ENGINE=InnoDB DEFAULT CHARSET=utf8 COLLATE=utf8_general_ci;

-- --------------------------------------------------------

--
-- 테이블 구조 `evalution_log`
--

CREATE TABLE `evalution_log` (
  `num` int(11) NOT NULL,
  `task` int(11) DEFAULT NULL,
  `uploader` int(11) DEFAULT NULL,
  `createdAt` datetime DEFAULT current_timestamp(),
  `isActive` int(11) DEFAULT 0,
  `updatedAt` char(20) DEFAULT NULL,
  `type` int(11) DEFAULT NULL,
  `score` int(11) DEFAULT NULL
) ENGINE=InnoDB DEFAULT CHARSET=utf8 COLLATE=utf8_general_ci;

-- --------------------------------------------------------

--
-- 테이블 구조 `improve_messages`
--

CREATE TABLE `improve_messages` (
  `num` int(11) NOT NULL,
  `improve_percentage` varchar(50) NOT NULL,
  `message` text NOT NULL
) ENGINE=InnoDB DEFAULT CHARSET=utf8mb4 COLLATE=utf8mb4_general_ci;

--
-- 테이블의 덤프 데이터 `improve_messages`
--

INSERT INTO `improve_messages` (`num`, `improve_percentage`, `message`) VALUES
(1, '0%~10%', '팀원들과 프로젝트 목표를 명확히 설정하고 역할 분담을 확실히 정하세요.\n초기 아이디어를 구체화하고, 참고할 자료를 충분히 조사하세요.'),
(2, '10%~20%', '팀원 간의 의사소통 방법을 설정하고, 정기 회의 일정을 잡으세요.\n자료 조사와 관련 내용을 문서화하여 프로젝트 계획을 수립하세요.'),
(3, '20%~30%', '각 팀원이 맡은 역할을 제대로 수행하고 있는지 중간 점검을 하세요.\n프로젝트의 진행 상황을 공유하고, 부족한 부분을 보완할 수 있는 방법을 논의하세요.'),
(4, '30%~40%', '팀원들 간의 작업 진행 속도와 일정을 맞춰, 마감 기한을 조정하세요.\n필요한 리소스가 충분한지 확인하고, 작업 과정에서 나타나는 문제를 해결하세요.'),
(5, '40%~50%', '팀원들과 중간 발표 또는 피드백 세션을 준비해 진행 상황을 점검하세요.\n모든 팀원이 목표에 맞춰 작업하고 있는지 확인하고, 부족한 부분을 논의하세요.'),
(6, '50%~60%', '이제 프로젝트의 절반이 지났습니다. 앞으로의 작업 계획을 다시 정비하고 효율적으로 배분하세요.\n중간 발표나 평가가 있다면, 팀의 전체적인 내용을 점검하고 발표 준비를 하세요.'),
(7, '60%~70%', '완성되지 않은 부분을 조정하고, 각 팀원이 마무리 작업에 집중할 수 있도록 도와주세요.\n세부적인 작업이 지연되지 않도록 팀 간 협업을 강화하고, 일정에 맞게 조정하세요.'),
(8, '70%~80%', '프로젝트 최종 마무리를 위해 세부 사항을 점검하고, 팀원들과 함께 전체적인 검토를 진행하세요.\n기말 평가나 최종 제출을 대비해 문서나 발표 자료를 준비하고, 역할 분담을 확실히 하세요.'),
(9, '80%~90%', '최종 작업물을 제출하기 전, 모든 팀원이 내용을 다시 확인하고 최종 수정을 하세요.\n팀 전체가 하나로 통합된 발표 자료를 준비하고, 역할별로 발표 연습을 하세요.'),
(10, '90%~100%', '프로젝트를 성공적으로 마무리하고, 팀원들과 함께 성과를 평가하세요.\n프로젝트 후 피드백을 받아 향후 개선할 점을 기록해 다음 프로젝트에 반영하세요.');

-- --------------------------------------------------------

--
-- 테이블 구조 `lead_teample`
--

CREATE TABLE `lead_teample` (
  `num` int(11) NOT NULL,
  `isActive` int(11) DEFAULT 0,
  `createdAt` datetime DEFAULT current_timestamp(),
  `uploader` int(11) DEFAULT 0,
  `leader` int(11) DEFAULT NULL,
  `updatedAt` char(20) DEFAULT NULL,
  `category` int(11) DEFAULT NULL,
  `photo` char(40) DEFAULT NULL,
  `description` char(200) DEFAULT NULL,
  `name` char(100) DEFAULT NULL
) ENGINE=InnoDB DEFAULT CHARSET=utf8 COLLATE=utf8_general_ci;

--
-- 테이블의 덤프 데이터 `lead_teample`
--

INSERT INTO `lead_teample` (`num`, `isActive`, `createdAt`, `uploader`, `leader`, `updatedAt`, `category`, `photo`, `description`, `name`) VALUES
(1, 0, '2024-07-24 08:40:29', 2, 2, NULL, 1, '2024_08_06_06_57_590.png', '팀고대 24년도 공예교수님 수업입니다. 팀플은 나중에 직접 교수님이 배정합니다!!', '팀고대 24년도 공예교수님 수업_lead'),
(2, 1, '2024-07-30 10:58:27', 3, 3, NULL, 1, '', '테스트용', '테스트 단체팀플룸_lead'),
(5, 0, '2024-08-02 08:11:57', 1, 1, NULL, 3, '2024_08_02_08_11_380.png', '낙장불입입니다.\r\n강인한 사람만 신청하세요', '나의라임리드팀플오렌지S_lead'),
(6, 1, '2024-08-05 09:28:04', 3, 3, NULL, 1, '2024_08_05_09_27_440.png', '테스트용 리드팀플', '리드팀플 테스트_lead'),
(7, 1, '2024-08-05 10:02:46', 3, 3, NULL, 1, '2024_08_05_10_02_410.png', '리드팀플테스트2', '리드팀플테스트2_lead'),
(8, 0, '2024-08-11 10:56:01', 1, 1, NULL, 1, '2024_08_11_10_55_500.png', '멤버스온리_이프론니ㅇㅇ', 'ITS마이BRANDNEWLEAD_lead'),
(9, 0, '2024-08-14 01:07:10', 1, 1, NULL, 1, '2024_08_14_01_07_020.png', '나는 교수당', '나는 교수다_lead'),
(10, 1, '2024-08-14 14:10:47', 3, 3, NULL, 1, '2024_08_14_14_10_310.png', '테스트 리드팀플', '리드팀플 테스트_0814_lead'),
(11, 1, '2024-08-16 13:27:57', 3, 3, NULL, 1, '2024_08_16_13_27_210.png', '테스트팀플', '리드팀플테스트_0816_lead'),
(12, 0, '2024-08-16 13:54:40', 3, 3, NULL, 1, '2024_08_16_13_54_190.png', '테테스트트', '리드팀플테스트_0816_2_lead'),
(13, 0, '2024-08-19 14:52:19', 3, 3, NULL, 1, '2024_08_19_14_52_010.png', '빈리드팀플_0819', '빈리드팀플_0819_lead'),
(14, 0, '2024-08-19 15:25:22', 3, 3, NULL, 1, '', 'asdasdfasdf', '빈리드팀플test20819_lead'),
(15, 0, '2024-08-21 12:01:26', 3, 3, NULL, 2, '2024_08_21_11_59_550.png', '테스트0821', '리팀테_0821_lead'),
(16, 1, '2024-08-25 21:31:37', 2, 2, NULL, 1, '2024_08_25_21_31_240.png', '어차삭', '어차피삭제될리드팀플_lead'),
(17, 0, '2024-08-25 21:56:54', 2, 2, NULL, 2, '2024_08_25_21_56_490.PNG', '제대로 된 리드팀플입니다.', '제대로 된 리드팀플_lead'),
(18, 0, '2024-08-26 11:16:17', 3, 3, NULL, 1, '2024_08_26_11_16_050.webp', '환공포증', '멀티_0826_lead'),
(19, 1, '2024-08-26 11:22:35', 3, 3, NULL, 1, '2024_08_26_11_22_250.webp', 'ㄹㅇㅁㅇㄹㄴㅇㄹ', '삭제용_0826_lead'),
(20, 0, '2024-08-26 11:33:51', 3, 3, NULL, 1, '2024_08_26_11_33_400.webp', 'ㅈㄷㅈㄷㄱㅈㄷ', '멀티_0826_2_lead'),
(21, 0, '2024-08-26 16:35:03', 3, 3, NULL, 1, '2024_08_26_16_34_340.webp', 'ㅁㄴㅇㄹ', '멅티테_0826_3_lead'),
(22, 0, '2024-08-26 16:40:21', 3, 3, NULL, 1, '2024_08_26_16_40_130.webp', 'ㅁㄷㄻㅇㄻ', '0826_4_lead'),
(23, 1, '2024-08-27 10:39:42', 3, 3, NULL, 1, '2024_08_27_10_37_510.png', 'ㅁㄴㅇㄹ', '08277_1_lead');

-- --------------------------------------------------------

--
-- 테이블 구조 `lead_teample_member`
--

CREATE TABLE `lead_teample_member` (
  `num` int(11) NOT NULL,
  `teample` int(11) DEFAULT NULL,
  `createdAt` datetime DEFAULT current_timestamp(),
  `isActive` int(11) DEFAULT 0,
  `updatedAt` char(20) DEFAULT NULL,
  `user` int(11) DEFAULT NULL,
  `level` int(11) DEFAULT NULL
) ENGINE=InnoDB DEFAULT CHARSET=utf8 COLLATE=utf8_general_ci;

--
-- 테이블의 덤프 데이터 `lead_teample_member`
--

INSERT INTO `lead_teample_member` (`num`, `teample`, `createdAt`, `isActive`, `updatedAt`, `user`, `level`) VALUES
(1, 1, '2024-07-24 08:40:29', 0, NULL, 2, 100),
(2, 5, '2024-08-02 08:11:57', 0, NULL, 1, 100),
(3, 5, '2024-08-02 16:47:46', 0, NULL, 5, 1),
(4, 1, '2024-08-05 07:33:52', 0, NULL, 1, 1),
(5, 1, '2024-08-05 07:34:42', 0, NULL, 6, 1),
(6, 6, '2024-08-05 09:28:04', 0, NULL, 3, 100),
(7, 7, '2024-08-05 10:02:46', 0, NULL, 3, 100),
(8, 7, '2024-08-05 10:19:28', 0, NULL, 9, 1),
(9, 7, '2024-08-05 10:25:39', 0, NULL, 10, 1),
(10, 7, '2024-08-05 10:26:13', 0, NULL, 11, 1),
(11, 7, '2024-08-05 10:26:46', 0, NULL, 12, 1),
(12, 8, '2024-08-11 10:56:01', 0, NULL, 1, 100),
(13, 8, '2024-08-11 10:56:34', 0, NULL, 5, 1),
(14, 9, '2024-08-14 01:07:10', 0, NULL, 1, 100),
(15, 10, '2024-08-14 14:10:47', 0, NULL, 3, 100),
(16, 10, '2024-08-14 14:18:12', 0, NULL, 9, 1),
(17, 10, '2024-08-14 14:43:02', 0, NULL, 11, 1),
(18, 10, '2024-08-14 14:50:55', 0, NULL, 12, 1),
(19, 11, '2024-08-16 13:27:57', 0, NULL, 3, 100),
(20, 11, '2024-08-16 13:28:21', 0, NULL, 9, 1),
(21, 11, '2024-08-16 13:34:01', 0, NULL, 10, 1),
(22, 11, '2024-08-16 13:44:55', 0, NULL, 11, 1),
(23, 11, '2024-08-16 13:45:19', 0, NULL, 12, 1),
(24, 12, '2024-08-16 13:54:40', 0, NULL, 3, 100),
(25, 12, '2024-08-16 13:54:49', 0, NULL, 9, 1),
(26, 12, '2024-08-16 13:55:06', 0, NULL, 12, 1),
(27, 12, '2024-08-16 13:55:39', 0, NULL, 10, 1),
(28, 12, '2024-08-16 13:55:55', 0, NULL, 11, 1),
(29, 13, '2024-08-19 14:52:19', 0, NULL, 3, 100),
(30, 13, '2024-08-19 14:53:42', 0, NULL, 9, 1),
(31, 13, '2024-08-19 14:57:31', 0, NULL, 10, 1),
(32, 13, '2024-08-19 14:57:48', 0, NULL, 11, 1),
(33, 13, '2024-08-19 14:58:44', 3, '2024-08-19 14:59:th', 12, 1),
(34, 13, '2024-08-19 15:00:13', 0, NULL, 12, 1),
(35, 14, '2024-08-19 15:25:22', 0, NULL, 3, 100),
(36, 14, '2024-08-19 15:28:43', 0, NULL, 9, 1),
(37, 14, '2024-08-19 15:29:13', 0, NULL, 10, 1),
(38, 14, '2024-08-19 15:29:30', 0, NULL, 11, 1),
(39, 14, '2024-08-19 15:29:51', 3, '2024-08-19 15:34:th', 12, 1),
(40, 14, '2024-08-19 15:34:44', 0, NULL, 12, 1),
(41, 15, '2024-08-21 12:01:26', 0, NULL, 3, 100),
(42, 15, '2024-08-21 12:04:52', 3, '2024-08-26 16:07:th', 12, 1),
(43, 15, '2024-08-21 12:05:14', 3, '2024-08-21 13:02:st', 11, 1),
(44, 15, '2024-08-21 12:05:39', 3, '2024-08-21 13:01:st', 10, 1),
(45, 15, '2024-08-21 12:06:40', 3, '2024-08-21 13:01:st', 10, 1),
(46, 15, '2024-08-21 12:09:00', 3, '2024-08-21 13:00:st', 9, 1),
(47, 15, '2024-08-21 12:19:58', 3, '2024-08-21 13:00:st', 9, 1),
(48, 15, '2024-08-21 12:20:10', 3, '2024-08-21 13:00:st', 9, 1),
(49, 16, '2024-08-25 21:31:37', 0, NULL, 2, 100),
(50, 1, '2024-08-25 21:35:55', 1, NULL, 4, 1),
(51, 17, '2024-08-25 21:56:54', 0, NULL, 2, 100),
(52, 17, '2024-08-25 21:57:12', 0, NULL, 4, 1),
(53, 17, '2024-08-25 21:58:00', 0, NULL, 6, 1),
(54, 17, '2024-08-25 21:58:24', 0, NULL, 1, 1),
(55, 17, '2024-08-25 21:59:39', 0, NULL, 7, 1),
(56, 18, '2024-08-26 11:16:17', 0, NULL, 3, 100),
(57, 18, '2024-08-26 11:16:49', 0, NULL, 9, 1),
(58, 18, '2024-08-26 11:17:48', 0, NULL, 10, 1),
(59, 18, '2024-08-26 11:18:08', 0, NULL, 11, 1),
(60, 18, '2024-08-26 11:18:24', 3, '2024-08-26 11:54:th', 12, 1),
(61, 18, '2024-08-26 11:21:20', 0, NULL, 16, 1),
(62, 19, '2024-08-26 11:22:35', 0, NULL, 3, 100),
(63, 20, '2024-08-26 11:33:51', 0, NULL, 3, 100),
(64, 20, '2024-08-26 11:34:06', 1, NULL, 9, 1),
(65, 20, '2024-08-26 11:34:12', 0, NULL, 9, 1),
(66, 20, '2024-08-26 11:34:59', 0, NULL, 10, 1),
(67, 20, '2024-08-26 11:35:23', 0, NULL, 11, 1),
(68, 20, '2024-08-26 11:35:39', 0, NULL, 12, 1),
(69, 18, '2024-08-26 11:54:42', 0, NULL, 12, 1),
(70, 15, '2024-08-26 16:07:48', 0, NULL, 12, 1),
(71, 5, '2024-08-26 16:20:22', 3, '2024-08-26 16:22:th', 7, 1),
(72, 5, '2024-08-26 16:22:44', 0, NULL, 7, 1),
(73, 21, '2024-08-26 16:35:03', 0, NULL, 3, 100),
(74, 21, '2024-08-26 16:35:51', 0, NULL, 9, 1),
(75, 21, '2024-08-26 16:37:56', 0, NULL, 10, 1),
(76, 21, '2024-08-26 16:38:13', 0, NULL, 11, 1),
(77, 21, '2024-08-26 16:38:31', 0, NULL, 12, 1),
(78, 22, '2024-08-26 16:40:21', 0, NULL, 3, 100),
(79, 22, '2024-08-26 16:40:48', 0, NULL, 12, 1),
(80, 22, '2024-08-26 16:41:06', 0, NULL, 11, 1),
(81, 22, '2024-08-26 16:41:20', 0, NULL, 10, 1),
(82, 22, '2024-08-26 16:41:40', 3, '2024-08-27 10:18:th', 9, 1),
(83, 22, '2024-08-26 16:46:04', 0, NULL, 16, 1),
(84, 18, '2024-08-26 16:46:21', 0, NULL, 16, 1),
(85, 22, '2024-08-26 16:46:41', 0, NULL, 16, 1),
(86, 22, '2024-08-27 10:13:44', 3, '2024-08-27 10:18:th', 9, 1),
(87, 22, '2024-08-27 10:16:16', 3, '2024-08-27 10:18:th', 9, 1),
(88, 23, '2024-08-27 10:39:42', 0, NULL, 3, 100),
(89, 23, '2024-08-27 10:40:52', 0, NULL, 9, 1),
(90, 23, '2024-08-27 10:41:28', 0, NULL, 10, 1),
(91, 23, '2024-08-27 10:41:49', 0, NULL, 11, 1),
(92, 23, '2024-08-27 10:42:04', 0, NULL, 12, 1);

-- --------------------------------------------------------

--
-- 테이블 구조 `remaining_time_messages`
--

CREATE TABLE `remaining_time_messages` (
  `num` int(11) NOT NULL,
  `remaining_percentage` varchar(50) NOT NULL,
  `message` text NOT NULL
) ENGINE=InnoDB DEFAULT CHARSET=utf8mb4 COLLATE=utf8mb4_general_ci;

--
-- 테이블의 덤프 데이터 `remaining_time_messages`
--

INSERT INTO `remaining_time_messages` (`num`, `remaining_percentage`, `message`) VALUES
(1, '90%~100%', '아직 충분한 시간이 남아 있습니다. 프로젝트의 큰 그림을 그리고, 팀원들과 함께 계획을 세우세요.\n기본적인 리서치를 마무리하고, 앞으로의 일정을 구체적으로 잡아야 할 때입니다.'),
(2, '80%~90%', '이제 본격적으로 프로젝트 작업을 시작해야 할 때입니다. 각 팀원이 맡은 역할을 명확히 하고, 중간 목표를 설정하세요.\n팀원들과의 정기적인 소통이 중요합니다. 각자 진행 상황을 공유하고, 필요한 지원을 요청하세요.'),
(3, '70%~80%', '프로젝트 절반 지점에 다가가고 있습니다. 진행 상황을 점검하고, 필요한 리소스를 준비하세요.\n중간 점검을 통해 현재 작업의 진척도를 파악하고, 팀원들 간의 협업을 강화하세요.'),
(4, '60%~70%', '남은 시간이 줄어들고 있습니다. 주요 작업을 완료하고, 팀원들과 함께 진척 상황을 공유하세요.\n계획한 일정을 확인하고, 남은 과제가 완료될 수 있도록 속도를 높이세요.'),
(5, '50%~60%', '시간이 많이 남지 않았습니다. 남은 작업을 우선순위에 따라 마무리하고, 부족한 부분을 보완하세요.\n마지막 확인이 필요합니다. 남은 시간을 효율적으로 사용해 완성도를 높이세요.'),
(6, '40%~50%', '프로젝트 마감일이 가까워지고 있습니다. 팀원들과 최종 점검을 진행하세요.\n완성도가 떨어지는 부분이 있다면 지금 보완해야 합니다.'),
(7, '30%~40%', '마감까지 시간이 얼마 남지 않았습니다. 중요한 작업에 집중하세요.\n팀원 간의 협업을 통해 마무리 작업을 빠르게 진행하세요.'),
(8, '20%~30%', '프로젝트 마감이 임박했습니다. 최종 결과물 준비와 보고서를 작성하세요.\n작업의 우선순위를 결정하고, 마감 직전에 문제를 피하기 위해 철저히 점검하세요.'),
(9, '10%~20%', '마감이 가까워졌습니다. 최종 점검과 제출 준비를 완료하세요.\n모든 작업이 끝났는지 확인하고, 발표 준비도 시작해야 합니다.'),
(10, '0%~10%', '프로젝트 마감일이 바로 눈앞에 있습니다. 최종 제출을 위해 모든 문서와 자료를 준비하세요.\n마지막 점검을 빠르게 진행하고, 팀원들과 협력하여 마무리하세요.');

-- --------------------------------------------------------

--
-- 테이블 구조 `search`
--

CREATE TABLE `search` (
  `num` int(11) NOT NULL,
  `uploader` int(11) DEFAULT NULL,
  `createdAt` datetime DEFAULT current_timestamp(),
  `isActive` int(11) DEFAULT 0,
  `updatedAt` char(20) DEFAULT NULL,
  `word` char(100) DEFAULT NULL
) ENGINE=InnoDB DEFAULT CHARSET=utf8 COLLATE=utf8_general_ci;

--
-- 테이블의 덤프 데이터 `search`
--

INSERT INTO `search` (`num`, `uploader`, `createdAt`, `isActive`, `updatedAt`, `word`) VALUES
(1, 2, '2024-07-14 10:57:33', 0, NULL, 'dadafdfadf'),
(2, 2, '2024-07-14 10:57:52', 0, NULL, 'dfdfdafdafdaf'),
(3, 2, '2024-07-14 10:57:53', 0, NULL, 'dfdfdafdafdaf'),
(4, 2, '2024-07-14 10:58:18', 0, NULL, '12323'),
(5, 2, '2024-07-14 10:59:23', 0, NULL, '123123'),
(7, 2, '2024-07-14 11:12:24', 0, NULL, '123123'),
(9, 2, '2024-07-14 11:25:17', 1, '2024-07-14 11:26:30', '123123'),
(10, 2, '2024-07-14 11:27:20', 0, NULL, 'dfasf'),
(11, 2, '2024-07-14 11:29:34', 0, NULL, 'dfadf'),
(12, 2, '2024-07-14 11:29:43', 0, NULL, 'dadf'),
(13, 2, '2024-07-19 07:31:54', 0, NULL, '식품'),
(14, 4, '2024-07-30 08:16:33', 0, NULL, '라임'),
(15, 4, '2024-07-30 08:18:46', 0, NULL, '라임'),
(16, 4, '2024-07-30 09:59:22', 0, NULL, '이상한'),
(17, 5, '2024-07-30 10:00:56', 0, NULL, '이상한'),
(18, 6, '2024-07-30 10:20:34', 0, NULL, '이상한'),
(19, 5, '2024-08-02 07:23:57', 0, NULL, '당구'),
(20, 7, '2024-08-02 07:25:46', 0, NULL, '당구'),
(21, 5, '2024-08-02 16:26:15', 0, NULL, '리드'),
(22, 5, '2024-08-02 16:27:18', 0, NULL, '리드'),
(23, 5, '2024-08-02 16:30:06', 0, NULL, '리드'),
(24, 5, '2024-08-02 16:31:01', 0, NULL, '리드'),
(25, 5, '2024-08-02 16:39:22', 0, NULL, '리드'),
(26, 5, '2024-08-02 16:39:30', 0, NULL, '리드'),
(27, 2, '2024-08-05 07:33:06', 0, NULL, '공예'),
(28, 1, '2024-08-05 07:33:50', 0, NULL, '공예'),
(29, 6, '2024-08-05 07:34:40', 0, NULL, '공예'),
(30, 9, '2024-08-05 09:57:10', 0, NULL, '리드'),
(31, 9, '2024-08-05 10:13:52', 0, NULL, '리드'),
(32, 9, '2024-08-05 10:14:17', 0, NULL, '리드'),
(33, 9, '2024-08-05 10:16:52', 0, NULL, '리드팀플테스트'),
(34, 9, '2024-08-05 10:16:59', 0, NULL, '리드'),
(35, 3, '2024-08-05 10:18:46', 0, NULL, '모구'),
(36, 10, '2024-08-05 10:25:34', 0, NULL, '리드'),
(37, 11, '2024-08-05 10:26:08', 0, NULL, '리드'),
(38, 12, '2024-08-05 10:26:43', 0, NULL, '리드'),
(39, 5, '2024-08-11 10:56:32', 0, NULL, 'BRAND'),
(40, 9, '2024-08-13 11:27:32', 0, NULL, '일반'),
(41, 10, '2024-08-13 11:30:16', 0, NULL, '일반'),
(42, 10, '2024-08-13 11:30:33', 0, NULL, '일반'),
(43, 11, '2024-08-13 11:48:53', 0, NULL, '일반'),
(44, 12, '2024-08-13 11:50:24', 0, NULL, '일반'),
(45, 1, '2024-08-14 01:17:56', 0, NULL, '리드팀플'),
(46, 9, '2024-08-14 14:18:07', 0, NULL, '0814'),
(47, 10, '2024-08-14 14:26:36', 0, NULL, '0814'),
(48, 11, '2024-08-14 14:42:57', 0, NULL, '0814'),
(49, 11, '2024-08-14 14:43:32', 0, NULL, '0814'),
(50, 11, '2024-08-14 14:45:13', 0, NULL, '0814'),
(51, 12, '2024-08-14 14:50:52', 0, NULL, '0814'),
(52, 6, '2024-08-16 08:10:58', 0, NULL, 'Its'),
(53, 5, '2024-08-16 08:23:32', 0, NULL, '리드'),
(54, 5, '2024-08-16 08:24:51', 0, NULL, '리드'),
(55, 5, '2024-08-16 08:27:07', 0, NULL, '리드'),
(56, 1, '2024-08-16 08:37:19', 0, NULL, '리드팀플'),
(57, 1, '2024-08-16 08:37:48', 0, NULL, '일반'),
(58, 12, '2024-08-16 09:54:27', 0, NULL, '0814'),
(59, 9, '2024-08-16 13:28:18', 0, NULL, '0816'),
(60, 9, '2024-08-16 13:29:18', 0, NULL, '리드'),
(61, 9, '2024-08-16 13:33:01', 0, NULL, '0816'),
(62, 10, '2024-08-16 13:33:57', 0, NULL, '0816'),
(63, 11, '2024-08-16 13:34:25', 0, NULL, '0816'),
(64, 11, '2024-08-16 13:44:53', 0, NULL, '0816'),
(65, 12, '2024-08-16 13:45:16', 0, NULL, '0816'),
(66, 9, '2024-08-16 13:45:35', 0, NULL, '0816'),
(67, 9, '2024-08-16 13:45:46', 0, NULL, '테스트'),
(68, 9, '2024-08-16 13:46:01', 0, NULL, '일반'),
(69, 9, '2024-08-16 13:46:16', 0, NULL, '리드'),
(70, 9, '2024-08-16 13:46:57', 0, NULL, '일반'),
(71, 3, '2024-08-16 13:53:53', 0, NULL, '0816'),
(72, 9, '2024-08-16 13:54:47', 0, NULL, '0816'),
(73, 12, '2024-08-16 13:55:03', 0, NULL, '0816'),
(74, 9, '2024-08-16 13:55:19', 0, NULL, '0816'),
(75, 10, '2024-08-16 13:55:37', 0, NULL, '0816'),
(76, 11, '2024-08-16 13:55:52', 0, NULL, '0816'),
(77, 9, '2024-08-16 14:38:38', 0, NULL, '0816'),
(78, 5, '2024-08-19 07:41:52', 0, NULL, '리드'),
(79, 3, '2024-08-19 09:47:12', 1, '2024-08-19 15:02:47', '0816'),
(80, 3, '2024-08-19 09:47:27', 0, NULL, '리드'),
(81, 9, '2024-08-19 14:44:09', 0, NULL, '리드팀플테스트2'),
(82, 9, '2024-08-19 14:44:43', 0, NULL, '관우'),
(83, 9, '2024-08-19 14:53:37', 0, NULL, '빈'),
(84, 9, '2024-08-19 14:55:02', 0, NULL, '빈'),
(85, 9, '2024-08-19 14:56:18', 0, NULL, '빈'),
(86, 10, '2024-08-19 14:57:29', 0, NULL, '빈'),
(87, 11, '2024-08-19 14:57:46', 0, NULL, '빈'),
(88, 12, '2024-08-19 14:58:35', 0, NULL, '빈'),
(89, 12, '2024-08-19 15:00:10', 0, NULL, '빈'),
(90, 12, '2024-08-19 15:12:08', 0, NULL, '빈'),
(91, 12, '2024-08-19 15:16:23', 0, NULL, '빈'),
(92, 9, '2024-08-19 15:27:32', 0, NULL, '빈'),
(93, 10, '2024-08-19 15:29:00', 0, NULL, '빈'),
(94, 11, '2024-08-19 15:29:28', 0, NULL, '빈'),
(95, 12, '2024-08-19 15:29:48', 0, NULL, '빈'),
(96, 12, '2024-08-19 15:34:34', 0, NULL, '빈'),
(97, 12, '2024-08-21 12:04:37', 0, NULL, '0821'),
(98, 11, '2024-08-21 12:05:12', 0, NULL, '0821'),
(99, 10, '2024-08-21 12:05:37', 0, NULL, '0821'),
(100, 10, '2024-08-21 12:06:50', 0, NULL, '0821'),
(101, 9, '2024-08-21 12:08:51', 0, NULL, '0821'),
(102, 9, '2024-08-21 12:19:53', 0, NULL, '0821'),
(103, 9, '2024-08-21 12:20:07', 0, NULL, '0821'),
(104, 9, '2024-08-21 12:50:03', 0, NULL, '0821'),
(105, 4, '2024-08-22 07:58:42', 0, NULL, '노포'),
(106, 7, '2024-08-22 07:59:53', 0, NULL, '노포'),
(107, 9, '2024-08-23 10:46:41', 0, NULL, '싱글'),
(108, 10, '2024-08-23 10:54:54', 0, NULL, '싱글'),
(109, 12, '2024-08-23 10:55:15', 0, NULL, '싱글'),
(110, 12, '2024-08-23 10:55:31', 0, NULL, '싱글'),
(111, 11, '2024-08-23 10:56:10', 0, NULL, '싱글'),
(112, 3, '2024-08-24 14:58:40', 0, NULL, '팀플'),
(113, 5, '2024-08-25 15:21:10', 0, NULL, '리드'),
(114, 4, '2024-08-25 21:26:36', 0, NULL, '빈멀티'),
(115, 4, '2024-08-25 21:26:36', 0, NULL, '빈멀티'),
(116, 4, '2024-08-25 21:26:49', 0, NULL, '0819'),
(117, 2, '2024-08-25 21:34:58', 0, NULL, '어차피'),
(118, 4, '2024-08-25 21:35:48', 0, NULL, '팀고대'),
(119, 4, '2024-08-25 21:57:10', 0, NULL, '제대로'),
(120, 6, '2024-08-25 21:57:58', 0, NULL, '제대로'),
(121, 1, '2024-08-25 21:58:22', 0, NULL, '제대로'),
(122, 6, '2024-08-25 21:59:11', 0, NULL, '제대로'),
(123, 7, '2024-08-25 21:59:38', 0, NULL, '제대로'),
(124, 4, '2024-08-25 22:17:37', 0, NULL, '제대로'),
(125, 7, '2024-08-25 22:27:22', 0, NULL, '식품'),
(126, 2, '2024-08-25 22:34:33', 0, NULL, '어차피'),
(127, 2, '2024-08-25 22:34:43', 0, NULL, '어차피'),
(128, 2, '2024-08-25 22:34:54', 0, NULL, '어차피'),
(129, 2, '2024-08-25 22:36:40', 0, NULL, '어차피'),
(130, 2, '2024-08-25 22:36:50', 0, NULL, '이상한'),
(131, 2, '2024-08-25 22:37:11', 0, NULL, '이상한'),
(132, 2, '2024-08-25 22:39:10', 0, NULL, '이상한'),
(133, 2, '2024-08-25 22:39:11', 0, NULL, '이상한'),
(134, 2, '2024-08-25 22:39:13', 0, NULL, '이상한'),
(135, 2, '2024-08-25 22:39:13', 0, NULL, '이상한'),
(136, 2, '2024-08-25 22:39:14', 0, NULL, '이상한'),
(137, 2, '2024-08-25 22:39:23', 0, NULL, '이상한'),
(138, 2, '2024-08-25 22:39:29', 0, NULL, '팀플'),
(139, 2, '2024-08-25 22:40:33', 0, NULL, '팀플'),
(140, 2, '2024-08-25 22:40:34', 0, NULL, '팀플'),
(141, 2, '2024-08-25 22:40:35', 0, NULL, '팀플'),
(142, 2, '2024-08-25 22:40:36', 0, NULL, '팀플'),
(143, 2, '2024-08-25 22:40:39', 0, NULL, '팀플'),
(144, 2, '2024-08-25 22:40:41', 0, NULL, '팀플'),
(145, 2, '2024-08-25 22:40:41', 0, NULL, '팀플'),
(146, 2, '2024-08-25 22:40:42', 0, NULL, '팀플'),
(147, 2, '2024-08-25 22:40:43', 0, NULL, '팀플'),
(148, 2, '2024-08-25 22:40:46', 0, NULL, '팀플'),
(149, 3, '2024-08-26 11:09:19', 0, NULL, '팀플'),
(150, 3, '2024-08-26 11:09:21', 0, NULL, '팀플'),
(151, 3, '2024-08-26 11:09:22', 0, NULL, '팀플'),
(152, 3, '2024-08-26 11:09:23', 0, NULL, '팀플'),
(153, 3, '2024-08-26 11:09:24', 0, NULL, '팀플'),
(154, 3, '2024-08-26 11:09:25', 0, NULL, '팀플'),
(155, 3, '2024-08-26 11:09:26', 0, NULL, '팀플'),
(156, 3, '2024-08-26 11:09:26', 0, NULL, '팀플'),
(157, 3, '2024-08-26 11:09:27', 0, NULL, '팀플'),
(158, 3, '2024-08-26 11:09:27', 0, NULL, '팀플'),
(159, 3, '2024-08-26 11:09:27', 0, NULL, '팀플'),
(160, 3, '2024-08-26 11:09:27', 0, NULL, '팀플'),
(161, 3, '2024-08-26 11:09:28', 0, NULL, '팀플'),
(162, 3, '2024-08-26 11:09:29', 0, NULL, '팀플'),
(163, 3, '2024-08-26 11:09:30', 0, NULL, '팀플'),
(164, 3, '2024-08-26 11:09:33', 0, NULL, '팀플'),
(165, 3, '2024-08-26 11:09:34', 0, NULL, '팀플'),
(166, 3, '2024-08-26 11:09:35', 0, NULL, '팀플'),
(167, 3, '2024-08-26 11:09:36', 0, NULL, '팀플'),
(168, 3, '2024-08-26 11:09:37', 0, NULL, '팀플'),
(169, 3, '2024-08-26 11:09:37', 0, NULL, '팀플'),
(170, 3, '2024-08-26 11:09:38', 0, NULL, '팀플'),
(171, 3, '2024-08-26 11:09:39', 0, NULL, '팀플'),
(172, 3, '2024-08-26 11:09:40', 0, NULL, '팀플'),
(173, 3, '2024-08-26 11:09:40', 0, NULL, '팀플'),
(174, 3, '2024-08-26 11:09:40', 0, NULL, '팀플'),
(175, 3, '2024-08-26 11:09:40', 0, NULL, '팀플'),
(176, 3, '2024-08-26 11:09:41', 0, NULL, '팀플'),
(177, 3, '2024-08-26 11:09:41', 0, NULL, '팀플'),
(178, 3, '2024-08-26 11:09:41', 0, NULL, '팀플'),
(179, 3, '2024-08-26 11:09:41', 0, NULL, '팀플'),
(180, 3, '2024-08-26 11:09:42', 0, NULL, '팀플'),
(181, 3, '2024-08-26 11:09:42', 0, NULL, '팀플'),
(182, 3, '2024-08-26 11:09:42', 0, NULL, '팀플'),
(183, 3, '2024-08-26 11:09:42', 0, NULL, '팀플'),
(184, 3, '2024-08-26 11:09:43', 0, NULL, '팀플'),
(185, 3, '2024-08-26 11:09:43', 0, NULL, '팀플'),
(186, 3, '2024-08-26 11:13:15', 0, NULL, '팀플'),
(187, 9, '2024-08-26 11:16:46', 0, NULL, '멀티'),
(188, 10, '2024-08-26 11:17:45', 0, NULL, '0826'),
(189, 11, '2024-08-26 11:18:05', 0, NULL, '0826'),
(190, 12, '2024-08-26 11:18:22', 0, NULL, '0826'),
(191, 16, '2024-08-26 11:21:16', 0, NULL, '0826'),
(192, 9, '2024-08-26 11:30:30', 0, NULL, '0826'),
(193, 9, '2024-08-26 11:32:56', 0, NULL, '삭제'),
(194, 9, '2024-08-26 11:34:03', 0, NULL, '0826'),
(195, 9, '2024-08-26 11:34:03', 0, NULL, '0826'),
(196, 10, '2024-08-26 11:34:57', 0, NULL, '0826'),
(197, 11, '2024-08-26 11:35:13', 0, NULL, '0826'),
(198, 12, '2024-08-26 11:35:36', 0, NULL, '0826'),
(199, 12, '2024-08-26 11:51:25', 0, NULL, '0826'),
(200, 12, '2024-08-26 11:54:35', 0, NULL, '0826'),
(201, 12, '2024-08-26 16:07:44', 0, NULL, '0821'),
(202, 7, '2024-08-26 16:20:16', 0, NULL, '리드'),
(203, 7, '2024-08-26 16:22:41', 0, NULL, '리드'),
(204, 9, '2024-08-26 16:35:37', 0, NULL, '0826'),
(205, 10, '2024-08-26 16:37:50', 0, NULL, '0826'),
(206, 11, '2024-08-26 16:38:09', 0, NULL, '0826'),
(207, 12, '2024-08-26 16:38:27', 0, NULL, '0826'),
(208, 12, '2024-08-26 16:40:27', 0, NULL, '0826'),
(209, 12, '2024-08-26 16:40:31', 0, NULL, '0826'),
(210, 11, '2024-08-26 16:41:01', 0, NULL, '0826'),
(211, 10, '2024-08-26 16:41:17', 0, NULL, '0826'),
(212, 9, '2024-08-26 16:41:37', 0, NULL, '0826'),
(213, 16, '2024-08-26 16:46:01', 0, NULL, '0826'),
(214, 16, '2024-08-26 16:46:16', 0, NULL, '0826'),
(215, 16, '2024-08-26 16:46:33', 0, NULL, '0826'),
(216, 16, '2024-08-26 16:46:34', 0, NULL, '0826'),
(217, 16, '2024-08-26 16:46:36', 0, NULL, '0826'),
(218, 5, '2024-08-26 17:18:23', 0, NULL, '김김'),
(219, 5, '2024-08-26 17:18:33', 0, NULL, '팀플'),
(220, 9, '2024-08-27 10:12:47', 0, NULL, '0826'),
(221, 9, '2024-08-27 10:12:59', 0, NULL, '0826'),
(222, 9, '2024-08-27 10:13:02', 0, NULL, '0826'),
(223, 9, '2024-08-27 10:13:02', 0, NULL, '0826'),
(224, 9, '2024-08-27 10:13:03', 0, NULL, '0826'),
(225, 9, '2024-08-27 10:13:04', 0, NULL, '0826'),
(226, 9, '2024-08-27 10:13:04', 0, NULL, '0826'),
(227, 9, '2024-08-27 10:13:05', 0, NULL, '0826'),
(228, 9, '2024-08-27 10:13:06', 0, NULL, '0826'),
(229, 9, '2024-08-27 10:13:07', 0, NULL, '0826'),
(230, 9, '2024-08-27 10:13:08', 0, NULL, '0826'),
(231, 9, '2024-08-27 10:16:12', 0, NULL, '0826'),
(232, 9, '2024-08-27 10:40:49', 0, NULL, '0827'),
(233, 10, '2024-08-27 10:41:26', 0, NULL, '0827'),
(234, 11, '2024-08-27 10:41:47', 0, NULL, '0827'),
(235, 12, '2024-08-27 10:42:02', 0, NULL, '0827'),
(236, 12, '2024-08-27 10:43:26', 0, NULL, '0827'),
(237, 12, '2024-08-27 10:48:19', 0, NULL, '0827'),
(238, 12, '2024-08-27 10:48:21', 0, NULL, '0827'),
(239, 18, '2024-08-29 14:56:54', 0, NULL, '사용자'),
(240, 19, '2024-08-29 14:57:25', 0, NULL, '사용자'),
(241, 20, '2024-08-29 14:57:57', 0, NULL, '사용자'),
(242, 21, '2024-08-29 14:58:25', 0, NULL, '사용자'),
(243, 18, '2024-08-29 22:30:03', 0, NULL, '경향'),
(244, 19, '2024-08-29 22:30:34', 0, NULL, '경향'),
(245, 20, '2024-08-29 22:31:00', 0, NULL, '경향'),
(246, 17, '2024-08-31 17:02:25', 0, NULL, '스케일링'),
(247, 19, '2024-08-31 17:35:14', 0, NULL, '스케일링'),
(248, 18, '2024-09-01 22:43:33', 0, NULL, '경향테스트*5'),
(249, 19, '2024-09-01 22:43:55', 0, NULL, '경향테스트*5'),
(250, 20, '2024-09-01 22:44:19', 0, NULL, '경향테스트*5'),
(251, 18, '2024-09-01 22:49:34', 0, NULL, 'test2'),
(252, 19, '2024-09-01 22:49:55', 0, NULL, 'test2'),
(253, 18, '2024-09-01 22:59:29', 0, NULL, 'test3'),
(254, 19, '2024-09-01 22:59:44', 0, NULL, 'test3'),
(255, 21, '2024-09-01 22:59:58', 0, NULL, 'test3'),
(256, 18, '2024-09-01 23:08:38', 0, NULL, 'test4'),
(257, 20, '2024-09-01 23:09:01', 0, NULL, 'test4'),
(258, 19, '2024-09-01 23:09:23', 0, NULL, 'test4'),
(259, 17, '2024-09-01 23:27:44', 0, NULL, '최소값 조정'),
(260, 18, '2024-09-01 23:28:34', 0, NULL, '최소값 조정'),
(261, 19, '2024-09-01 23:29:23', 0, NULL, '최소값 조정'),
(262, 20, '2024-09-01 23:29:39', 0, NULL, '최소값 조정'),
(263, 18, '2024-09-02 00:14:20', 0, NULL, '최소값 다시'),
(264, 18, '2024-09-02 00:14:21', 0, NULL, '최소값 다시'),
(265, 18, '2024-09-02 00:14:21', 0, NULL, '최소값 다시'),
(266, 18, '2024-09-02 00:14:21', 0, NULL, '최소값 다시'),
(267, 18, '2024-09-02 00:14:30', 0, NULL, '최솟값'),
(268, 18, '2024-09-02 00:14:31', 0, NULL, '최솟값'),
(269, 18, '2024-09-02 00:14:32', 0, NULL, '최솟값'),
(270, 18, '2024-09-02 00:14:32', 0, NULL, '최솟값'),
(271, 18, '2024-09-02 00:14:32', 0, NULL, '최솟값'),
(272, 18, '2024-09-02 00:14:32', 0, NULL, '최솟값'),
(273, 18, '2024-09-02 00:14:32', 0, NULL, '최솟값'),
(274, 18, '2024-09-02 00:14:36', 0, NULL, '최소값'),
(275, 18, '2024-09-02 00:14:36', 0, NULL, '최소값'),
(276, 19, '2024-09-02 00:14:54', 0, NULL, '최소값'),
(277, 20, '2024-09-02 00:15:12', 0, NULL, '최소값'),
(278, 20, '2024-09-02 00:15:21', 0, NULL, '다시'),
(279, 20, '2024-09-02 00:15:24', 0, NULL, '최소값'),
(280, 20, '2024-09-02 00:15:25', 0, NULL, '최소값'),
(281, 18, '2024-09-02 00:43:07', 0, NULL, '마지막'),
(282, 19, '2024-09-02 00:43:28', 0, NULL, '마지막'),
(283, 20, '2024-09-02 00:43:48', 0, NULL, '마지막'),
(284, 17, '2024-09-02 01:10:25', 0, NULL, '최소값 조정'),
(285, 18, '2024-09-02 01:15:53', 0, NULL, '찐막테스트'),
(286, 19, '2024-09-02 01:16:05', 0, NULL, '찐막테스트'),
(287, 20, '2024-09-02 01:16:18', 0, NULL, '찐막테스트'),
(288, 24, '2024-09-02 21:54:35', 0, NULL, '사용자'),
(289, 24, '2024-09-02 21:54:35', 0, NULL, '사용자'),
(290, 17, '2024-09-02 22:21:52', 0, NULL, '최소값 조정'),
(291, 17, '2024-09-02 22:58:19', 0, NULL, '장민수');

-- --------------------------------------------------------

--
-- 테이블 구조 `talk`
--

CREATE TABLE `talk` (
  `num` int(11) NOT NULL,
  `isActive` int(11) DEFAULT 0,
  `createdAt` datetime DEFAULT current_timestamp(),
  `uploader` int(11) DEFAULT 0,
  `teample` int(11) DEFAULT NULL,
  `updatedAt` char(20) DEFAULT NULL,
  `category` int(11) DEFAULT NULL,
  `photo` char(40) DEFAULT NULL,
  `body` text DEFAULT NULL,
  `lead_teample` int(11) DEFAULT 0,
  `hits` int(11) DEFAULT 0,
  `uploader_name` char(200) DEFAULT NULL,
  `uploader_photo` char(200) DEFAULT NULL,
  `pinned` int(11) DEFAULT 0,
  `attached_file` char(200) DEFAULT NULL,
  `attached_loc` char(30) DEFAULT NULL
) ENGINE=InnoDB DEFAULT CHARSET=utf8 COLLATE=utf8_general_ci;

--
-- 테이블의 덤프 데이터 `talk`
--

INSERT INTO `talk` (`num`, `isActive`, `createdAt`, `uploader`, `teample`, `updatedAt`, `category`, `photo`, `body`, `lead_teample`, `hits`, `uploader_name`, `uploader_photo`, `pinned`, `attached_file`, `attached_loc`) VALUES
(1, 0, '2024-08-09 06:30:21', 2, 70, NULL, 1, '2024_08_09_06_30_140.png', '어떤 이야기를 하고 싶으세요?', 0, 0, '보옹선', 'no_photo.png', 0, NULL, NULL),
(2, 0, '2024-08-09 06:53:34', 1, 70, NULL, 2, '2024_08_09_06_53_250.png', '메롱메롱', 0, 0, '보옹선화', 'no_photo.png', 0, NULL, NULL),
(3, 0, '2024-08-09 16:26:08', 5, 4, NULL, 2, '2024_08_09_16_25_560.png', '이게 바로 팀고다 ', 0, 0, '갯윽구', 'no_photo.png', 0, NULL, NULL),
(4, 0, '2024-08-09 17:36:08', 2, 69, NULL, 2, '2024_08_09_17_36_010.png', '어떤 이야거리에거리에서 기를 하고 싶으세요?', 0, 0, '보옹선', 'no_photo.png', 0, NULL, NULL),
(5, 0, '2024-08-11 11:04:43', 1, 84, NULL, 1, '2024_08_11_11_04_400.png', '어떤 이야까발기를 하고 싶으세요?', 0, 0, '보옹선화', 'no_photo.png', 0, NULL, NULL),
(6, 0, '2024-08-11 11:05:15', 5, 84, NULL, 2, '2024_08_11_11_05_140.png', '어떤 이야dhktdjt기를 하고 싶으세요?ㅎㅎㅎ', 0, 0, '갯윽구', 'no_photo.png', 1, NULL, NULL),
(7, 0, '2024-08-12 08:01:09', 2, 69, NULL, 2, '2024_08_12_08_01_010.png', '어떤 이야기든', 0, 0, '보옹선', 'no_photo.png', 0, NULL, NULL),
(8, 0, '2024-08-13 10:15:59', 3, 87, NULL, 1, '', '이건 테스트 공지', 0, 0, '지논', 'no_photo.png', 0, NULL, NULL),
(9, 0, '2024-08-13 11:25:17', 3, 87, NULL, 2, '2024_08_13_11_25_150.png', '토크 테스트 글', 0, 0, '지논', 'no_photo.png', 0, NULL, NULL),
(10, 0, '2024-08-14 15:34:19', 13, 96, NULL, 2, '2024_08_14_15_34_010.png', '책은 차후 올리겠습니다', 0, 0, '규조교', 'no_photo.png', 0, NULL, NULL),
(11, 0, '2024-08-14 15:44:38', 14, 96, NULL, 1, '', '새로 가입했어요 안녕하세요!', 0, 0, '쿠키', 'no_photo.png', 0, NULL, NULL),
(12, 0, '2024-08-16 09:56:49', 3, 95, NULL, 2, '', '공지다 이건', 0, 0, '지논', 'no_photo.png', 1, NULL, NULL),
(13, 0, '2024-08-16 09:57:30', 3, 95, NULL, 1, '', '토크다 이건', 0, 0, '지논', 'no_photo.png', 0, NULL, NULL),
(14, 0, '2024-08-21 13:54:13', 12, 107, NULL, 1, '', '아뭐왜', 0, 0, '테스터4', 'no_photo.png', 0, NULL, NULL),
(15, 0, '2024-08-22 08:13:08', 13, 96, NULL, 2, '', 'https://www.youtube.com/@HanbitMedia93/search?query=sql\r\n사이트에서 공부할게요!', 0, 0, '규조교', 'no_photo.png', 0, NULL, NULL),
(16, 0, '2024-08-25 14:05:50', 5, 3, NULL, 1, '2024_08_25_14_05_410.png', 'drop down', 0, 0, '갯윽구', 'no_photo.png', 0, NULL, NULL),
(17, 0, '2024-08-25 14:06:09', 5, 3, NULL, 2, '', '어떤dsafadsfs 이야기를 하고 싶으세요?', 0, 0, '갯윽구', 'no_photo.png', 0, NULL, NULL),
(18, 0, '2024-08-25 14:35:44', 5, 3, NULL, 1, '2024_08_25_14_35_210.png', '이ㅕㄹ매ㅑㄹ멸ㅇattahed', 0, 0, '갯윽구', 'no_photo.png', 0, '', ''),
(19, 0, '2024-08-25 14:38:06', 5, 3, NULL, 1, '2024_08_25_14_37_400.png', '어떤 이야dfasdfa기를 하고 싶으세요?', 0, 0, '갯윽구', 'no_photo.png', 0, '대구광역시동부교육지원청중등교육지원과_(붙임4)2021학년도중학교입학홍보안내(학부모안내용).pdf', '2024_08_25_14_38_010.pdf'),
(20, 0, '2024-08-26 11:11:25', 3, 109, NULL, 2, '2024_08_26_11_10_190.webp', 'ㅎㅎㅎ', 0, 0, '지논', 'no_photo.png', 0, '', ''),
(21, 0, '2024-08-26 17:05:41', 5, 93, NULL, 2, '2024_08_26_17_05_290.jpg', '이미지와 글을 확인해봅니다', 0, 0, '갯윽구', 'no_photo.png', 0, '', ''),
(22, 0, '2024-08-26 17:07:47', 5, 3, NULL, 1, '', 'ㅇㅁㄻㅇㄴㄻㄴㄻㄴㄹㅇㅁ', 0, 0, '갯윽구', 'no_photo.png', 0, '대구광역시동부교육지원청중등교육지원과_(붙임4)2021학년도중학교입학홍보안내(학부모안내용).pdf', '2024_08_26_17_07_380.pdf'),
(23, 0, '2024-08-27 10:44:22', 12, 129, NULL, 1, '2024_08_27_10_44_110.png', 'uuuuuu', 0, 0, '테스터4', 'no_photo.png', 0, '', ''),
(24, 0, '2024-08-27 10:44:53', 12, 129, NULL, 2, '2024_08_27_10_44_410.png', 'uuuuuuu', 0, 0, '테스터4', 'no_photo.png', 0, '스크린샷 2024-08-26 151931.png', '2024_08_27_10_44_500.png'),
(25, 0, '2024-09-02 22:49:58', 24, 141, NULL, 1, '', 'ddddd', 0, 0, '장민수', '', 0, '', '');

-- --------------------------------------------------------

--
-- 테이블 구조 `talk_cate`
--

CREATE TABLE `talk_cate` (
  `num` int(11) NOT NULL,
  `name` char(100) DEFAULT NULL,
  `createdAt` datetime DEFAULT current_timestamp(),
  `isActive` int(11) DEFAULT 0,
  `updatedAt` char(20) DEFAULT NULL
) ENGINE=InnoDB DEFAULT CHARSET=utf8 COLLATE=utf8_general_ci;

--
-- 테이블의 덤프 데이터 `talk_cate`
--

INSERT INTO `talk_cate` (`num`, `name`, `createdAt`, `isActive`, `updatedAt`) VALUES
(1, 'Talk', '2024-08-09 06:10:11', 0, NULL),
(2, 'Info', '2024-08-09 06:10:18', 0, NULL);

-- --------------------------------------------------------

--
-- 테이블 구조 `talk_cmt`
--

CREATE TABLE `talk_cmt` (
  `num` int(11) NOT NULL,
  `talk` int(11) DEFAULT NULL,
  `isActive` int(11) DEFAULT 0,
  `createdAt` datetime DEFAULT current_timestamp(),
  `body` text DEFAULT NULL,
  `uploader` int(11) DEFAULT NULL,
  `uploader_name` char(200) DEFAULT NULL,
  `uploader_photo` char(30) DEFAULT NULL,
  `updatedAt` char(20) DEFAULT NULL,
  `teample` int(11) DEFAULT NULL
) ENGINE=InnoDB DEFAULT CHARSET=utf8 COLLATE=utf8_general_ci;

--
-- 테이블의 덤프 데이터 `talk_cmt`
--

INSERT INTO `talk_cmt` (`num`, `talk`, `isActive`, `createdAt`, `body`, `uploader`, `uploader_name`, `uploader_photo`, `updatedAt`, `teample`) VALUES
(1, 4, 0, '2024-08-12 07:51:07', '1231323', 2, '보옹선', 'no_photo.png', NULL, 69),
(2, 4, 0, '2024-08-12 07:52:37', '12323', 2, '보옹선', 'no_photo.png', NULL, 69),
(3, 4, 0, '2024-08-12 07:53:44', '234', 2, '보옹선', 'no_photo.png', NULL, 69),
(4, 4, 0, '2024-08-12 07:54:04', '123413', 2, '보옹선', 'no_photo.png', NULL, 69),
(5, 4, 0, '2024-08-12 07:54:33', '23434', 2, '보옹선', 'no_photo.png', NULL, 69),
(6, 4, 0, '2024-08-12 07:55:17', '23434', 2, '보옹선', 'no_photo.png', NULL, 69),
(7, 7, 0, '2024-08-12 08:03:53', '123442234', 2, '보옹선', 'no_photo.png', NULL, 69),
(8, 10, 0, '2024-08-14 15:34:32', '안녕', 13, '규조교', 'no_photo.png', NULL, 96),
(9, 10, 0, '2024-08-14 15:34:46', '안녕하세요', 13, '규조교', 'no_photo.png', NULL, 96);

-- --------------------------------------------------------

--
-- 테이블 구조 `task`
--

CREATE TABLE `task` (
  `num` int(11) NOT NULL,
  `name` char(200) DEFAULT NULL,
  `createdAt` datetime DEFAULT current_timestamp(),
  `photo` char(100) DEFAULT NULL,
  `isActive` int(11) DEFAULT 0,
  `description` char(200) DEFAULT NULL,
  `uploader` int(11) DEFAULT NULL,
  `due_date` char(20) DEFAULT NULL,
  `due_time` char(20) DEFAULT NULL,
  `type` int(11) DEFAULT NULL,
  `goal` char(100) DEFAULT NULL,
  `teample` int(11) DEFAULT NULL,
  `start_time` char(20) DEFAULT NULL,
  `start_date` char(20) DEFAULT NULL,
  `Status` int(11) DEFAULT 0,
  `lead_teample` int(11) DEFAULT 0
) ENGINE=InnoDB DEFAULT CHARSET=utf8 COLLATE=utf8_general_ci;

--
-- 테이블의 덤프 데이터 `task`
--

INSERT INTO `task` (`num`, `name`, `createdAt`, `photo`, `isActive`, `description`, `uploader`, `due_date`, `due_time`, `type`, `goal`, `teample`, `start_time`, `start_date`, `Status`, `lead_teample`) VALUES
(1, 'test test num1', '2024-07-29 21:05:43', NULL, 0, 'steafdafafa', 2, '2024-07-29', '00:00', 1, 'test', 2, '00:00', '2024-07-29', 1, NULL),
(2, '새테스트', '2024-07-30 09:50:52', NULL, 0, 'ㅁㄻㄹㄴㄹㄹㄹㅇㄹ', 2, '2024-07-30', '00:00', 1, '무넺해결', 4, '00:00', '2024-07-30', 1, NULL),
(3, '신규태스크', '2024-08-02 07:22:43', NULL, 0, 'ㅂㅈㄷㄹㅁㅇㅁㄹㅁㄴ', 4, '2024-08-02', '00:00', 2, 'ㅈㄷㄱ', 3, '00:00', '2024-08-02', 1, NULL),
(4, '태스크!', '2024-08-11 11:02:45', NULL, 0, '데스트', 1, '2024-08-12', '00:00', 1, '테스크', 84, '00:00', '2024-08-11', 0, 8),
(5, '테스트 테스크', '2024-08-14 11:59:49', NULL, 0, '테스트테스트테스트테스트', 3, '2024-08-15', '15:00', 1, 'ㅇㅇㅇ하기', 87, '00:00', '2024-08-14', 0, 0),
(6, '아이디어_1', '2024-08-15 22:10:07', NULL, 0, '우선 책 선정을 해봅시다!', 13, '2024-08-17', '00:00', 3, '책 선정을 위한 아이디어 회의', 96, '00:00', '2024-08-15', 1, 0),
(7, '아이디어2', '2024-08-20 00:12:22', NULL, 0, '하루에 몇 페이지씩 공부하고 파트는 어떻게 나눌 것인지 파악함. 이후 아이스브레이킹 타임을 가짐', 15, '2024-08-21', '00:00', 3, '공부를 어떻게 할 것인지?', 96, '00:00', '2024-08-20', 1, 0),
(8, '다같이 놀자 동네한바퀴', '2024-08-20 13:00:53', NULL, 0, '안녕하세ㅛㅇ', 5, '2024-08-20', '00:00', 1, '목표는 항구다', 4, '00:00', '2024-08-20', 1, 0),
(9, 'TESTE', '2024-08-21 06:40:11', NULL, 0, 'test', 5, '2024-08-21', '00:00', 2, 'TEST', 99, '00:00', '2024-08-21', 1, 8),
(10, '테스크0821', '2024-08-21 13:12:30', NULL, 0, 'ㄹㄹㄹㄹ', 12, '2024-08-21', '00:00', 1, 'ㅇㄹㄹ', 107, '00:00', '2024-08-21', 1, 15),
(11, '테스크0821', '2024-08-21 13:25:54', NULL, 0, 'ㅇㅍㅇㄿㅇㅇㄿ', 10, '2024-08-21', '00:00', 3, 'ㅇㄹㅇㅍㅍㄿㅍ', 107, '00:00', '2024-08-22', 1, 15),
(12, '테스크0821', '2024-08-21 15:14:10', NULL, 0, 'ㅍㅍㅍㅍ', 11, '2024-08-29', '00:00', 4, 'ㅍㅍㅍㅍ', 106, '00:00', '2024-08-22', 1, 15),
(13, '테스크08212', '2024-08-21 15:25:34', NULL, 0, 'ㅊㅊㅊㅊㅊ', 11, '2024-08-23', '00:00', 1, 'ㅊㅊㅊㅊ', 106, '00:00', '2024-08-21', 1, 15),
(14, '노포트', '2024-08-22 07:59:00', NULL, 0, '23434234', 5, '2024-08-22', '00:00', 2, '인냥', 108, '00:00', '2024-08-22', 1, 0),
(15, '포트포트폴ㄹ리오', '2024-08-22 07:59:14', NULL, 0, '123123123', 5, '2024-08-22', '00:00', 3, '123123', 108, '00:00', '2024-08-22', 1, 0),
(16, '테스크1', '2024-08-23 10:53:57', NULL, 0, '테스크1', 9, '2024-08-23', '00:00', 1, '테스크1', 109, '00:00', '2024-08-30', 1, 0),
(17, '테스크2', '2024-08-23 10:54:17', NULL, 0, '테스크2', 9, '2024-08-23', '00:00', 2, '테스크2', 109, '00:00', '2024-08-23', 1, 0),
(18, '테스크3', '2024-08-23 10:54:36', NULL, 0, '테스크3', 9, '2024-08-23', '00:00', 3, '테스크3', 109, '00:00', '2024-08-23', 1, 0),
(19, '24323424', '2024-08-23 12:08:04', NULL, 0, 'ㅁㄷㄹㅁㅇㄹㅁㅇㄴㄹㅁ', 4, '2024-08-23', '00:00', 4, '정보', 3, '00:00', '2024-08-23', 1, 0),
(20, '안녕하세요', '2024-08-25 15:14:10', NULL, 0, '항구다', 5, '2024-08-29', '00:00', 2, '목표!', 93, '21:19', '2024-08-25', 0, 5),
(21, 'test', '2024-08-26 15:54:45', NULL, 0, 'adfaafds', 7, '2024-08-26', '21:00', 1, 'aefadfa', 112, '15:54', '2024-08-26', 0, 17),
(22, 'afadfafa', '2024-08-26 15:56:34', NULL, 0, 'asdfsadfadfadfsaf', 7, '2024-08-26', '18:00', 1, 'adfaf', 112, '15:56', '2024-08-26', 0, 17),
(23, 'afdaf', '2024-08-26 15:59:24', NULL, 0, 'sdafdf', 7, '2024-08-26', '18:00', 4, 'fadfa', 112, '15:59', '2024-08-26', 0, 17),
(24, '전학생', '2024-08-26 16:01:46', NULL, 0, 'ㅇㄹㅇㄹ', 12, '2024-08-26', '21:06', 1, 'ㅇㅍㅇㄿㅇㄹ', 116, '16:01', '2024-08-26', 0, 18),
(25, 'ㅈㄴㄷㄹㅈㄷㄹㅊ', '2024-08-26 16:49:11', NULL, 0, 'ㄹㅈㄷㄹㅈㄷㄹ', 16, '2024-08-27', '00:00', 1, 'ㅈㄷㄹㅈㄷ', 125, '16:50', '2024-08-26', 0, 22),
(26, '내 테슷트', '2024-08-26 17:42:22', NULL, 0, '안녕하세요!', 5, '2024-08-27', '00:00', 1, '니 태슷트', 93, '18:58', '2024-08-26', 0, 5),
(27, '1', '2024-08-29 14:52:45', NULL, 0, '1', 17, '2024-08-30', '23:59', 1, '1', 130, '07:52', '2024-08-30', 1, 0),
(28, '2', '2024-08-29 14:59:00', NULL, 0, '2', 17, '2024-08-31', '23:59', 2, '2', 130, '07:58', '2024-08-31', 1, 0),
(29, '3', '2024-08-29 14:59:18', NULL, 0, '3', 17, '2024-09-01', '23:59', 3, '3', 130, '07:59', '2024-09-01', 1, 0),
(30, '11', '2024-08-29 22:29:39', NULL, 0, '11', 17, '2024-08-30', '23:59', 1, '11', 131, '23:33', '2024-08-29', 1, 0),
(31, '스케일링화면테스트', '2024-08-31 16:58:23', NULL, 0, '스케일링화면테스트', 20, '2024-09-02', '23:59', 2, '스케일링화면테스트', 132, '09:58', '2024-09-01', 0, 0),
(32, '1', '2024-09-01 22:42:53', NULL, 0, '1', 17, '2024-09-02', '23:59', 1, '1', 133, '15:42', '2024-09-01', 1, 0),
(33, '1', '2024-09-01 22:43:05', NULL, 0, '1', 17, '2024-09-03', '23:59', 1, '1', 133, '15:42', '2024-09-02', 1, 0),
(34, 'test2', '2024-09-01 22:48:59', NULL, 0, 'test2', 17, '2024-09-02', '23:59', 2, 'test2', 134, '15:48', '2024-09-02', 1, 0),
(35, 'test3', '2024-09-01 22:49:14', NULL, 0, 'test3', 17, '2024-09-04', '23:59', 2, 'test3', 134, '15:49', '2024-09-03', 1, 0),
(36, '1', '2024-09-01 23:00:22', NULL, 0, '1212121', 17, '2024-09-03', '23:59', 2, '121212', 135, '16:00', '2024-09-02', 1, 0),
(37, 'sad', '2024-09-01 23:00:38', NULL, 0, 'asd', 17, '2024-09-04', '23:59', 1, 'asd', 135, '16:00', '2024-09-03', 1, 0),
(38, 'sadsad', '2024-09-01 23:00:46', NULL, 0, 'asdasdsa', 17, '2024-09-02', '23:59', 4, 'asdsadsa', 135, '16:00', '2024-09-01', 1, 0),
(39, '1', '2024-09-01 23:08:05', NULL, 0, '1', 17, '2024-09-03', '23:59', 4, '1', 136, '16:07', '2024-09-02', 1, 0),
(40, '2', '2024-09-01 23:08:14', NULL, 0, '2', 17, '2024-09-05', '23:59', 3, '2', 136, '16:08', '2024-09-04', 1, 0),
(41, '1', '2024-09-01 23:28:16', NULL, 0, '1', 17, '2024-09-02', '23:59', 2, '1', 137, '16:28', '2024-09-01', 1, 0),
(42, '2', '2024-09-01 23:28:54', NULL, 0, '2', 17, '2024-09-14', '23:59', 2, '2', 137, '16:28', '2024-09-01', 1, 0),
(43, '3', '2024-09-01 23:29:05', NULL, 0, '3', 17, '2024-09-19', '23:59', 1, '3', 137, '16:29', '2024-09-01', 1, 0),
(44, '1', '2024-09-02 00:13:38', NULL, 0, '1', 17, '2024-09-01', '23:59', 1, '1', 138, '17:13', '2024-09-01', 1, 0),
(45, '2', '2024-09-02 00:13:50', NULL, 0, '2', 17, '2024-09-04', '23:59', 4, '2', 138, '17:13', '2024-09-01', 1, 0),
(46, '3', '2024-09-02 00:13:59', NULL, 0, '3', 17, '2024-09-12', '23:59', 1, '3', 138, '17:13', '2024-09-05', 1, 0),
(47, '1', '2024-09-02 00:42:25', NULL, 0, '1', 17, '2024-09-01', '23:59', 1, '1', 139, '17:42', '2024-09-01', 1, 0),
(48, '2', '2024-09-02 00:42:34', NULL, 0, '2', 17, '2024-09-01', '23:59', 4, '2', 139, '17:42', '2024-09-01', 1, 0),
(49, '3', '2024-09-02 00:42:40', NULL, 0, '3', 17, '2024-09-01', '23:59', 4, '3', 139, '17:42', '2024-09-01', 1, 0),
(50, '1', '2024-09-02 01:15:13', NULL, 0, '1', 17, '2024-09-01', '23:59', 1, '1', 140, '18:15', '2024-09-01', 1, 0),
(51, '2', '2024-09-02 01:15:20', NULL, 0, '2', 17, '2024-09-01', '23:59', 4, '2', 140, '18:15', '2024-09-01', 1, 0),
(52, '3', '2024-09-02 01:15:29', NULL, 0, '3', 17, '2024-09-01', '23:59', 1, '3', 140, '18:15', '2024-09-01', 1, 0),
(53, 'asd', '2024-09-03 23:51:16', NULL, 0, 'asdasd', 17, '2024-09-04', '23:59', 1, 'asdsa', 141, '16:50', '2024-09-04', 0, 0);

-- --------------------------------------------------------

--
-- 테이블 구조 `task_attachment`
--

CREATE TABLE `task_attachment` (
  `num` int(11) NOT NULL,
  `task` int(11) DEFAULT NULL,
  `createdAt` datetime DEFAULT current_timestamp(),
  `isActive` int(11) DEFAULT 0,
  `updatedAt` char(20) DEFAULT NULL,
  `fime_name` char(50) DEFAULT NULL,
  `uploader` int(11) DEFAULT NULL
) ENGINE=InnoDB DEFAULT CHARSET=utf8 COLLATE=utf8_general_ci;

-- --------------------------------------------------------

--
-- 테이블 구조 `task_element`
--

CREATE TABLE `task_element` (
  `num` int(11) DEFAULT NULL,
  `type` int(11) DEFAULT NULL,
  `cate` int(11) DEFAULT NULL,
  `goal` varchar(50) DEFAULT NULL,
  `name` varchar(50) DEFAULT NULL,
  `createdAt` varchar(50) DEFAULT NULL,
  `isActive` varchar(50) DEFAULT NULL,
  `updatedAt` int(11) DEFAULT NULL
) ENGINE=InnoDB DEFAULT CHARSET=utf8 COLLATE=utf8_general_ci;

--
-- 테이블의 덤프 데이터 `task_element`
--

INSERT INTO `task_element` (`num`, `type`, `cate`, `goal`, `name`, `createdAt`, `isActive`, `updatedAt`) VALUES
(1, 1, 1, 'team', '팀플에 적극적으로 참여한다', '2024-03-08 10:19:01.000', '0', NULL),
(2, 1, 2, 'team', '팀원과 원만한 관계를 유지한다', '2024-03-08 10:19:01.000', '0', NULL),
(3, 1, 3, 'team', '새로운 관점을 제시한다', '2024-03-08 10:19:01.000', '0', NULL),
(4, 1, 4, 'team', '과제에 대한 정보를 잘 공유한다', '2024-03-08 10:19:01.000', '0', NULL),
(5, 1, 5, 'team', '질문 및 피드백을 자주한다', '2024-03-08 10:19:01.000', '0', NULL),
(6, 1, 6, 'team', '팀원과의 소통을 통해 공정하게 역할을 배정했다.', '2024-03-08 10:21:00.000', '0', NULL),
(7, 1, 7, 'priv', '팀플에 참석한다', '2024-03-08 10:21:00.000', '0', NULL),
(8, 1, 8, 'priv', '배정받은 역할을 잘 수행한다', '2024-03-08 10:21:00.000', '0', NULL),
(9, 1, 11, 'priv', '과제 수행시간을 잘 지킨다', '2024-03-08 10:21:00.000', '0', NULL),
(10, 1, 13, 'do', '팀플에 대한 사전준비 계획을 정리한다', '2024-03-08 10:21:00.000', '0', NULL),
(11, 2, 1, 'team', '팀플에 적극적으로 참여한다', '2024-03-08 10:24:26.000', '0', NULL),
(12, 2, 2, 'team', '팀원과 원만한 관계를 유지한다', '2024-03-08 10:24:26.000', '0', NULL),
(13, 2, 3, 'team', '새로운 관점을 제시한다', '2024-03-08 10:24:26.000', '0', NULL),
(14, 2, 5, 'team', '질문 및 피드백을 자주한다', '2024-03-08 10:24:26.000', '0', NULL),
(15, 2, 7, 'priv', '팀플에 참석한다', '2024-03-08 10:24:26.000', '0', NULL),
(16, 2, 8, 'priv', '배정받은 역할을 잘 수행한다', '2024-03-08 10:24:26.000', '0', NULL),
(17, 2, 9, 'priv', '과제 질적인 측면에 기여한다', '2024-03-08 10:24:26.000', '0', NULL),
(18, 2, 10, 'priv', '과제에 대한 정보를 잘 정리한다', '2024-03-08 10:24:26.000', '0', NULL),
(19, 2, 11, 'priv', '과제 수행시간을 잘 지킨다', '2024-03-08 10:24:26.000', '0', NULL),
(20, 3, 1, 'team', '팀플에 적극적으로 참여한다', '2024-03-08 10:24:26.000', '0', NULL),
(21, 3, 2, 'team', '팀원과 원만한 관계를 유지한다', '2024-03-08 10:24:26.000', '0', NULL),
(22, 3, 5, 'team', '질문 및 피드백을 자주한다', '2024-03-08 10:26:36.000', '0', NULL),
(23, 3, 7, 'priv', '팀플에 참석한다', '2024-03-08 10:26:36.000', '0', NULL),
(24, 3, 8, 'priv', '배정받은 역할을 잘 수행한다', '2024-03-08 10:26:36.000', '0', NULL),
(25, 3, 9, 'priv', '과제에 대한 정보를 잘 정리한다', '2024-04-05 02:24:12.000', '0', NULL),
(26, 3, 11, 'priv', '과제수행시간을 잘 지킨다', '2024-04-05 02:24:12.000', '0', NULL),
(27, 3, 14, 'do', '과제 시 발생하는 문제를 원활하게 해결한다', '2024-04-05 02:25:00.000', '0', NULL),
(28, 3, 15, 'do', '팀플을 잘 이끌어나간다', '2024-04-05 02:25:00.000', '0', NULL),
(29, 4, 1, 'team', '팀플에 적극적으로 참여한다', '2024-04-05 02:25:41.000', '0', NULL),
(30, 4, 2, 'team', '팀원과 원만한 관계를 유지한다', '2024-04-05 02:25:41.000', '0', NULL),
(31, 4, 6, 'team', '팀원과의 소통을 통해 공정하게 역할을 배정했다', '2024-04-05 02:27:42.000', '0', NULL),
(32, 4, 7, 'priv', '팀플에 참석한다', '2024-04-05 02:27:42.000', '0', NULL),
(33, 4, 8, 'priv', '배정 받은 역할을 잘 수행한다', '2024-04-05 02:27:42.000', '0', NULL),
(34, 4, 10, 'priv', '과제에 대한 정보를 잘 정리한다', '2024-04-05 02:27:42.000', '0', NULL),
(35, 4, 11, 'priv', '과제 수행 시간을 잘 지킨다', '2024-04-05 02:27:42.000', '0', NULL),
(36, 4, 12, 'priv', '보고서 및 발표에 많은 기여를 했다', '2024-04-05 02:27:42.000', '0', NULL),
(37, 4, 14, 'do', '과제 시 발생하는 문제를 원활하게 해결한다', '2024-04-05 02:27:42.000', '0', NULL),
(38, 4, 15, 'do', '팀플을 잘 이끌어나간다', '2024-04-05 02:27:42.000', '0', NULL);

-- --------------------------------------------------------

--
-- 테이블 구조 `task_eval`
--

CREATE TABLE `task_eval` (
  `num` int(11) NOT NULL,
  `task` int(11) DEFAULT NULL,
  `teample` int(11) DEFAULT NULL,
  `isActive` int(11) DEFAULT 0,
  `createdAt` datetime DEFAULT current_timestamp(),
  `updatedAt` char(20) DEFAULT NULL,
  `user` int(11) DEFAULT NULL,
  `uploader` int(11) DEFAULT NULL,
  `type` int(11) DEFAULT NULL,
  `score` int(11) DEFAULT 0,
  `scaled_score` float DEFAULT NULL,
  `goal` varchar(20) DEFAULT NULL,
  `element` int(11) DEFAULT NULL
) ENGINE=InnoDB DEFAULT CHARSET=utf8 COLLATE=utf8_general_ci;

--
-- 테이블의 덤프 데이터 `task_eval`
--

INSERT INTO `task_eval` (`num`, `task`, `teample`, `isActive`, `createdAt`, `updatedAt`, `user`, `uploader`, `type`, `score`, `scaled_score`, `goal`, `element`) VALUES
(1, 8, 4, 0, '2024-08-20 13:07:52', NULL, 4, 5, 1, 2, 0, NULL, 1),
(2, 8, 4, 0, '2024-08-20 13:07:52', NULL, 4, 5, 1, 2, 0, NULL, 2),
(3, 8, 4, 0, '2024-08-20 13:07:52', NULL, 4, 5, 1, 1, 0, NULL, 3),
(4, 8, 4, 0, '2024-08-20 13:07:52', NULL, 4, 5, 1, 1, 0, NULL, 4),
(5, 8, 4, 0, '2024-08-20 13:07:52', NULL, 4, 5, 1, 3, 0, NULL, 5),
(6, 8, 4, 0, '2024-08-20 13:07:52', NULL, 4, 5, 1, 3, 0, NULL, 6),
(7, 8, 4, 0, '2024-08-20 13:07:52', NULL, 4, 5, 1, 2, 0, NULL, 7),
(8, 8, 4, 0, '2024-08-20 13:07:52', NULL, 4, 5, 1, 1, 0, NULL, 8),
(9, 8, 4, 0, '2024-08-20 13:07:52', NULL, 4, 5, 1, 2, 0, NULL, 9),
(10, 8, 4, 0, '2024-08-20 13:07:52', NULL, 4, 5, 1, 4, 0, NULL, 10),
(11, 2, 4, 1, '2024-08-21 06:37:46', NULL, 4, 5, 1, 3, 0, NULL, 1),
(12, 2, 4, 1, '2024-08-21 06:37:46', NULL, 4, 5, 1, 2, 0, NULL, 2),
(13, 2, 4, 1, '2024-08-21 06:37:46', NULL, 4, 5, 1, 2, 0, NULL, 3),
(14, 2, 4, 1, '2024-08-21 06:37:46', NULL, 4, 5, 1, 2, 0, NULL, 4),
(15, 2, 4, 1, '2024-08-21 06:37:46', NULL, 4, 5, 1, 4, 0, NULL, 5),
(16, 2, 4, 1, '2024-08-21 06:37:46', NULL, 4, 5, 1, 3, 0, NULL, 6),
(17, 2, 4, 1, '2024-08-21 06:37:46', NULL, 4, 5, 1, 3, 0, NULL, 7),
(18, 2, 4, 1, '2024-08-21 06:37:46', NULL, 4, 5, 1, 3, 0, NULL, 8),
(19, 2, 4, 1, '2024-08-21 06:37:46', NULL, 4, 5, 1, 2, 0, NULL, 9),
(20, 2, 4, 1, '2024-08-21 06:37:46', NULL, 4, 5, 1, 2, 0, NULL, 10),
(21, 2, 4, 1, '2024-08-21 06:37:53', NULL, 4, 5, 1, 3, 0, NULL, 1),
(22, 2, 4, 1, '2024-08-21 06:37:53', NULL, 4, 5, 1, 4, 0, NULL, 2),
(23, 2, 4, 1, '2024-08-21 06:37:53', NULL, 4, 5, 1, 4, 0, NULL, 3),
(24, 2, 4, 1, '2024-08-21 06:37:53', NULL, 4, 5, 1, 2, 0, NULL, 4),
(25, 2, 4, 1, '2024-08-21 06:37:53', NULL, 4, 5, 1, 4, 0, NULL, 5),
(26, 2, 4, 1, '2024-08-21 06:37:53', NULL, 4, 5, 1, 3, 0, NULL, 6),
(27, 2, 4, 1, '2024-08-21 06:37:53', NULL, 4, 5, 1, 3, 0, NULL, 7),
(28, 2, 4, 1, '2024-08-21 06:37:53', NULL, 4, 5, 1, 3, 0, NULL, 8),
(29, 2, 4, 1, '2024-08-21 06:37:53', NULL, 4, 5, 1, 2, 0, NULL, 9),
(30, 2, 4, 1, '2024-08-21 06:37:53', NULL, 4, 5, 1, 2, 0, NULL, 10),
(31, 2, 4, 0, '2024-08-21 06:38:02', NULL, 4, 5, 1, 5, 0, NULL, 1),
(32, 2, 4, 0, '2024-08-21 06:38:02', NULL, 4, 5, 1, 4, 0, NULL, 2),
(33, 2, 4, 0, '2024-08-21 06:38:02', NULL, 4, 5, 1, 4, 0, NULL, 3),
(34, 2, 4, 0, '2024-08-21 06:38:02', NULL, 4, 5, 1, 2, 0, NULL, 4),
(35, 2, 4, 0, '2024-08-21 06:38:02', NULL, 4, 5, 1, 4, 0, NULL, 5),
(36, 2, 4, 0, '2024-08-21 06:38:02', NULL, 4, 5, 1, 3, 0, NULL, 6),
(37, 2, 4, 0, '2024-08-21 06:38:02', NULL, 4, 5, 1, 3, 0, NULL, 7),
(38, 2, 4, 0, '2024-08-21 06:38:02', NULL, 4, 5, 1, 3, 0, NULL, 8),
(39, 2, 4, 0, '2024-08-21 06:38:02', NULL, 4, 5, 1, 2, 0, NULL, 9),
(40, 2, 4, 0, '2024-08-21 06:38:02', NULL, 4, 5, 1, 2, 0, NULL, 10),
(41, 8, 4, 0, '2024-08-21 08:46:24', NULL, 6, 5, 1, 2, 0, 'team', 1),
(42, 8, 4, 0, '2024-08-21 08:46:24', NULL, 6, 5, 1, 1, 0, 'team', 2),
(43, 8, 4, 0, '2024-08-21 08:46:24', NULL, 6, 5, 1, 2, 0, 'team', 3),
(44, 8, 4, 0, '2024-08-21 08:46:24', NULL, 6, 5, 1, 3, 0, 'team', 4),
(45, 8, 4, 0, '2024-08-21 08:46:24', NULL, 6, 5, 1, 4, 0, 'team', 5),
(46, 8, 4, 0, '2024-08-21 08:46:24', NULL, 6, 5, 1, 3, 0, 'team', 6),
(47, 8, 4, 0, '2024-08-21 08:46:24', NULL, 6, 5, 1, 2, 0, 'priv', 7),
(48, 8, 4, 0, '2024-08-21 08:46:24', NULL, 6, 5, 1, 1, 0, 'priv', 8),
(49, 8, 4, 0, '2024-08-21 08:46:24', NULL, 6, 5, 1, 2, 0, 'priv', 9),
(50, 8, 4, 0, '2024-08-21 08:46:24', NULL, 6, 5, 1, 3, 0, 'do', 10),
(51, 10, 107, 1, '2024-08-21 13:14:42', NULL, 10, 12, 1, 2, 0, 'team', 1),
(52, 10, 107, 1, '2024-08-21 13:14:42', NULL, 10, 12, 1, 3, 0, 'team', 2),
(53, 10, 107, 1, '2024-08-21 13:14:42', NULL, 10, 12, 1, 3, 0, 'team', 3),
(54, 10, 107, 1, '2024-08-21 13:14:42', NULL, 10, 12, 1, 3, 0, 'team', 4),
(55, 10, 107, 1, '2024-08-21 13:14:42', NULL, 10, 12, 1, 3, 0, 'team', 5),
(56, 10, 107, 1, '2024-08-21 13:14:42', NULL, 10, 12, 1, 5, 0, 'team', 6),
(57, 10, 107, 1, '2024-08-21 13:14:42', NULL, 10, 12, 1, 1, 0, 'priv', 7),
(58, 10, 107, 1, '2024-08-21 13:14:42', NULL, 10, 12, 1, 1, 0, 'priv', 8),
(59, 10, 107, 1, '2024-08-21 13:14:42', NULL, 10, 12, 1, 1, 0, 'priv', 9),
(60, 10, 107, 1, '2024-08-21 13:14:42', NULL, 10, 12, 1, 1, 0, 'do', 10),
(61, 10, 107, 1, '2024-08-21 13:14:55', NULL, 10, 12, 1, 2, 0, 'team', 1),
(62, 10, 107, 1, '2024-08-21 13:14:55', NULL, 10, 12, 1, 3, 0, 'team', 2),
(63, 10, 107, 1, '2024-08-21 13:14:55', NULL, 10, 12, 1, 3, 0, 'team', 3),
(64, 10, 107, 1, '2024-08-21 13:14:55', NULL, 10, 12, 1, 3, 0, 'team', 4),
(65, 10, 107, 1, '2024-08-21 13:14:55', NULL, 10, 12, 1, 3, 0, 'team', 5),
(66, 10, 107, 1, '2024-08-21 13:14:55', NULL, 10, 12, 1, 3, 0, 'team', 6),
(67, 10, 107, 1, '2024-08-21 13:14:55', NULL, 10, 12, 1, 0, 0, 'priv', 7),
(68, 10, 107, 1, '2024-08-21 13:14:55', NULL, 10, 12, 1, 1, 0, 'priv', 8),
(69, 10, 107, 1, '2024-08-21 13:14:55', NULL, 10, 12, 1, 1, 0, 'priv', 9),
(70, 10, 107, 1, '2024-08-21 13:14:55', NULL, 10, 12, 1, 1, 0, 'do', 10),
(71, 10, 107, 1, '2024-08-21 13:17:05', NULL, 10, 12, 1, 2, 0, 'team', 1),
(72, 10, 107, 1, '2024-08-21 13:17:05', NULL, 10, 12, 1, 3, 0, 'team', 2),
(73, 10, 107, 1, '2024-08-21 13:17:05', NULL, 10, 12, 1, 3, 0, 'team', 3),
(74, 10, 107, 1, '2024-08-21 13:17:05', NULL, 10, 12, 1, 3, 0, 'team', 4),
(75, 10, 107, 1, '2024-08-21 13:17:05', NULL, 10, 12, 1, 3, 0, 'team', 5),
(76, 10, 107, 1, '2024-08-21 13:17:05', NULL, 10, 12, 1, 3, 0, 'team', 6),
(77, 10, 107, 1, '2024-08-21 13:17:05', NULL, 10, 12, 1, 0, 0, 'priv', 7),
(78, 10, 107, 1, '2024-08-21 13:17:05', NULL, 10, 12, 1, 1, 0, 'priv', 8),
(79, 10, 107, 1, '2024-08-21 13:17:05', NULL, 10, 12, 1, 1, 0, 'priv', 9),
(80, 10, 107, 1, '2024-08-21 13:17:05', NULL, 10, 12, 1, 1, 0, 'do', 10),
(81, 10, 107, 0, '2024-08-21 13:20:11', NULL, 10, 12, 1, 2, 0, 'team', 1),
(82, 10, 107, 0, '2024-08-21 13:20:11', NULL, 10, 12, 1, 3, 0, 'team', 2),
(83, 10, 107, 0, '2024-08-21 13:20:11', NULL, 10, 12, 1, 3, 0, 'team', 3),
(84, 10, 107, 0, '2024-08-21 13:20:11', NULL, 10, 12, 1, 3, 0, 'team', 4),
(85, 10, 107, 0, '2024-08-21 13:20:11', NULL, 10, 12, 1, 3, 0, 'team', 5),
(86, 10, 107, 0, '2024-08-21 13:20:11', NULL, 10, 12, 1, 3, 0, 'team', 6),
(87, 10, 107, 0, '2024-08-21 13:20:11', NULL, 10, 12, 1, 0, 0, 'priv', 7),
(88, 10, 107, 0, '2024-08-21 13:20:11', NULL, 10, 12, 1, 0, 0, 'priv', 8),
(89, 10, 107, 0, '2024-08-21 13:20:11', NULL, 10, 12, 1, 1, 0, 'priv', 9),
(90, 10, 107, 0, '2024-08-21 13:20:11', NULL, 10, 12, 1, 1, 0, 'do', 10),
(91, 10, 107, 0, '2024-08-21 13:21:29', NULL, 12, 10, 1, 1, 0, 'team', 1),
(92, 10, 107, 0, '2024-08-21 13:21:29', NULL, 12, 10, 1, 1, 0, 'team', 2),
(93, 10, 107, 0, '2024-08-21 13:21:29', NULL, 12, 10, 1, 1, 0, 'team', 3),
(94, 10, 107, 0, '2024-08-21 13:21:29', NULL, 12, 10, 1, 4, 0, 'team', 4),
(95, 10, 107, 0, '2024-08-21 13:21:29', NULL, 12, 10, 1, 5, 0, 'team', 5),
(96, 10, 107, 0, '2024-08-21 13:21:29', NULL, 12, 10, 1, 4, 0, 'team', 6),
(97, 10, 107, 0, '2024-08-21 13:21:29', NULL, 12, 10, 1, 4, 0, 'priv', 7),
(98, 10, 107, 0, '2024-08-21 13:21:29', NULL, 12, 10, 1, 4, 0, 'priv', 8),
(99, 10, 107, 0, '2024-08-21 13:21:29', NULL, 12, 10, 1, 4, 0, 'priv', 9),
(100, 10, 107, 0, '2024-08-21 13:21:29', NULL, 12, 10, 1, 4, 0, 'do', 10),
(101, 11, 107, 0, '2024-08-21 13:38:18', NULL, 12, 10, 3, 2, 0, 'team', 20),
(102, 11, 107, 0, '2024-08-21 13:38:18', NULL, 12, 10, 3, 5, 0, 'team', 21),
(103, 11, 107, 0, '2024-08-21 13:38:18', NULL, 12, 10, 3, 5, 0, 'team', 22),
(104, 11, 107, 0, '2024-08-21 13:38:18', NULL, 12, 10, 3, 3, 0, 'priv', 23),
(105, 11, 107, 0, '2024-08-21 13:38:18', NULL, 12, 10, 3, 2, 0, 'priv', 24),
(106, 11, 107, 0, '2024-08-21 13:38:18', NULL, 12, 10, 3, 4, 0, 'priv', 25),
(107, 11, 107, 0, '2024-08-21 13:38:18', NULL, 12, 10, 3, 2, 0, 'priv', 26),
(108, 11, 107, 0, '2024-08-21 13:38:18', NULL, 12, 10, 3, 3, 0, 'do', 27),
(109, 11, 107, 0, '2024-08-21 13:38:18', NULL, 12, 10, 3, 3, 0, 'do', 28),
(110, 11, 107, 0, '2024-08-21 13:38:45', NULL, 10, 12, 3, 5, 0, 'team', 20),
(111, 11, 107, 0, '2024-08-21 13:38:45', NULL, 10, 12, 3, 5, 0, 'team', 21),
(112, 11, 107, 0, '2024-08-21 13:38:45', NULL, 10, 12, 3, 1, 0, 'team', 22),
(113, 11, 107, 0, '2024-08-21 13:38:45', NULL, 10, 12, 3, 1, 0, 'priv', 23),
(114, 11, 107, 0, '2024-08-21 13:38:45', NULL, 10, 12, 3, 1, 0, 'priv', 24),
(115, 11, 107, 0, '2024-08-21 13:38:45', NULL, 10, 12, 3, 1, 0, 'priv', 25),
(116, 11, 107, 0, '2024-08-21 13:38:45', NULL, 10, 12, 3, 3, 0, 'priv', 26),
(117, 11, 107, 0, '2024-08-21 13:38:45', NULL, 10, 12, 3, 3, 0, 'do', 27),
(118, 11, 107, 0, '2024-08-21 13:38:45', NULL, 10, 12, 3, 3, 0, 'do', 28),
(119, 12, 106, 1, '2024-08-21 15:16:01', NULL, 9, 11, 4, 3, 0, 'team', 29),
(120, 12, 106, 1, '2024-08-21 15:16:01', NULL, 9, 11, 4, 1, 0, 'team', 30),
(121, 12, 106, 1, '2024-08-21 15:16:01', NULL, 9, 11, 4, 1, 0, 'team', 31),
(122, 12, 106, 1, '2024-08-21 15:16:01', NULL, 9, 11, 4, 1, 0, 'priv', 32),
(123, 12, 106, 1, '2024-08-21 15:16:01', NULL, 9, 11, 4, 1, 0, 'priv', 33),
(124, 12, 106, 1, '2024-08-21 15:16:01', NULL, 9, 11, 4, 1, 0, 'priv', 34),
(125, 12, 106, 1, '2024-08-21 15:16:01', NULL, 9, 11, 4, 1, 0, 'priv', 35),
(126, 12, 106, 1, '2024-08-21 15:16:01', NULL, 9, 11, 4, 4, 0, 'priv', 36),
(127, 12, 106, 1, '2024-08-21 15:16:01', NULL, 9, 11, 4, 0, 0, 'do', 37),
(128, 12, 106, 1, '2024-08-21 15:16:01', NULL, 9, 11, 4, 5, 0, 'do', 38),
(129, 12, 106, 0, '2024-08-21 15:26:29', NULL, 9, 11, 4, 0, 0, 'team', 29),
(130, 12, 106, 0, '2024-08-21 15:26:29', NULL, 9, 11, 4, 0, 0, 'team', 30),
(131, 12, 106, 0, '2024-08-21 15:26:29', NULL, 9, 11, 4, 3, 0, 'team', 31),
(132, 12, 106, 0, '2024-08-21 15:26:29', NULL, 9, 11, 4, 1, 0, 'priv', 32),
(133, 12, 106, 0, '2024-08-21 15:26:29', NULL, 9, 11, 4, 1, 0, 'priv', 33),
(134, 12, 106, 0, '2024-08-21 15:26:29', NULL, 9, 11, 4, 0, 0, 'priv', 34),
(135, 12, 106, 0, '2024-08-21 15:26:29', NULL, 9, 11, 4, 1, 0, 'priv', 35),
(136, 12, 106, 0, '2024-08-21 15:26:29', NULL, 9, 11, 4, 4, 0, 'priv', 36),
(137, 12, 106, 0, '2024-08-21 15:26:29', NULL, 9, 11, 4, 1, 0, 'do', 37),
(138, 12, 106, 0, '2024-08-21 15:26:29', NULL, 9, 11, 4, 5, 0, 'do', 38),
(139, 13, 106, 0, '2024-08-21 15:27:58', NULL, 11, 9, 1, 5, 0, 'team', 1),
(140, 13, 106, 0, '2024-08-21 15:27:58', NULL, 11, 9, 1, 5, 0, 'team', 2),
(141, 13, 106, 0, '2024-08-21 15:27:58', NULL, 11, 9, 1, 5, 0, 'team', 3),
(142, 13, 106, 0, '2024-08-21 15:27:58', NULL, 11, 9, 1, 5, 0, 'team', 4),
(143, 13, 106, 0, '2024-08-21 15:27:58', NULL, 11, 9, 1, 5, 0, 'team', 5),
(144, 13, 106, 0, '2024-08-21 15:27:58', NULL, 11, 9, 1, 5, 0, 'team', 6),
(145, 13, 106, 0, '2024-08-21 15:27:58', NULL, 11, 9, 1, 5, 0, 'priv', 7),
(146, 13, 106, 0, '2024-08-21 15:27:58', NULL, 11, 9, 1, 5, 0, 'priv', 8),
(147, 13, 106, 0, '2024-08-21 15:27:58', NULL, 11, 9, 1, 5, 0, 'priv', 9),
(148, 13, 106, 0, '2024-08-21 15:27:58', NULL, 11, 9, 1, 5, 0, 'do', 10),
(149, 12, 106, 0, '2024-08-21 15:28:36', NULL, 11, 9, 4, 4, 0, 'team', 29),
(150, 12, 106, 0, '2024-08-21 15:28:36', NULL, 11, 9, 4, 4, 0, 'team', 30),
(151, 12, 106, 0, '2024-08-21 15:28:36', NULL, 11, 9, 4, 3, 0, 'team', 31),
(152, 12, 106, 0, '2024-08-21 15:28:36', NULL, 11, 9, 4, 4, 0, 'priv', 32),
(153, 12, 106, 0, '2024-08-21 15:28:36', NULL, 11, 9, 4, 4, 0, 'priv', 33),
(154, 12, 106, 0, '2024-08-21 15:28:36', NULL, 11, 9, 4, 4, 0, 'priv', 34),
(155, 12, 106, 0, '2024-08-21 15:28:36', NULL, 11, 9, 4, 1, 0, 'priv', 35),
(156, 12, 106, 0, '2024-08-21 15:28:36', NULL, 11, 9, 4, 1, 0, 'priv', 36),
(157, 12, 106, 0, '2024-08-21 15:28:36', NULL, 11, 9, 4, 3, 0, 'do', 37),
(158, 12, 106, 0, '2024-08-21 15:28:36', NULL, 11, 9, 4, 3, 0, 'do', 38),
(159, 13, 106, 0, '2024-08-21 15:33:33', NULL, 9, 11, 1, 3, 0, 'team', 1),
(160, 13, 106, 0, '2024-08-21 15:33:33', NULL, 9, 11, 1, 3, 0, 'team', 2),
(161, 13, 106, 0, '2024-08-21 15:33:33', NULL, 9, 11, 1, 3, 0, 'team', 3),
(162, 13, 106, 0, '2024-08-21 15:33:33', NULL, 9, 11, 1, 3, 0, 'team', 4),
(163, 13, 106, 0, '2024-08-21 15:33:33', NULL, 9, 11, 1, 3, 0, 'team', 5),
(164, 13, 106, 0, '2024-08-21 15:33:33', NULL, 9, 11, 1, 3, 0, 'team', 6),
(165, 13, 106, 0, '2024-08-21 15:33:33', NULL, 9, 11, 1, 3, 0, 'priv', 7),
(166, 13, 106, 0, '2024-08-21 15:33:33', NULL, 9, 11, 1, 3, 0, 'priv', 8),
(167, 13, 106, 0, '2024-08-21 15:33:33', NULL, 9, 11, 1, 3, 0, 'priv', 9),
(168, 13, 106, 0, '2024-08-21 15:33:33', NULL, 9, 11, 1, 3, 0, 'do', 10),
(169, 14, 108, 0, '2024-08-22 08:00:06', NULL, 4, 7, 2, 3, 0, 'team', 11),
(170, 14, 108, 0, '2024-08-22 08:00:06', NULL, 4, 7, 2, 2, 0, 'team', 12),
(171, 14, 108, 0, '2024-08-22 08:00:06', NULL, 4, 7, 2, 3, 0, 'team', 13),
(172, 14, 108, 0, '2024-08-22 08:00:06', NULL, 4, 7, 2, 3, 0, 'team', 14),
(173, 14, 108, 0, '2024-08-22 08:00:06', NULL, 4, 7, 2, 4, 0, 'priv', 15),
(174, 14, 108, 0, '2024-08-22 08:00:06', NULL, 4, 7, 2, 4, 0, 'priv', 16),
(175, 14, 108, 0, '2024-08-22 08:00:06', NULL, 4, 7, 2, 3, 0, 'priv', 17),
(176, 14, 108, 0, '2024-08-22 08:00:06', NULL, 4, 7, 2, 3, 0, 'priv', 18),
(177, 14, 108, 0, '2024-08-22 08:00:06', NULL, 4, 7, 2, 2, 0, 'priv', 19),
(178, 15, 108, 0, '2024-08-22 08:00:20', NULL, 4, 7, 3, 5, 0, 'team', 20),
(179, 15, 108, 0, '2024-08-22 08:00:20', NULL, 4, 7, 3, 4, 0, 'team', 21),
(180, 15, 108, 0, '2024-08-22 08:00:20', NULL, 4, 7, 3, 2, 0, 'team', 22),
(181, 15, 108, 0, '2024-08-22 08:00:20', NULL, 4, 7, 3, 2, 0, 'priv', 23),
(182, 15, 108, 0, '2024-08-22 08:00:20', NULL, 4, 7, 3, 3, 0, 'priv', 24),
(183, 15, 108, 0, '2024-08-22 08:00:20', NULL, 4, 7, 3, 3, 0, 'priv', 25),
(184, 15, 108, 0, '2024-08-22 08:00:20', NULL, 4, 7, 3, 2, 0, 'priv', 26),
(185, 15, 108, 0, '2024-08-22 08:00:20', NULL, 4, 7, 3, 2, 0, 'do', 27),
(186, 15, 108, 0, '2024-08-22 08:00:20', NULL, 4, 7, 3, 2, 0, 'do', 28),
(187, 14, 108, 0, '2024-08-22 08:00:30', NULL, 7, 4, 2, 2, 0, 'team', 11),
(188, 14, 108, 0, '2024-08-22 08:00:30', NULL, 7, 4, 2, 1, 0, 'team', 12),
(189, 14, 108, 0, '2024-08-22 08:00:30', NULL, 7, 4, 2, 3, 0, 'team', 13),
(190, 14, 108, 0, '2024-08-22 08:00:30', NULL, 7, 4, 2, 4, 0, 'team', 14),
(191, 14, 108, 0, '2024-08-22 08:00:30', NULL, 7, 4, 2, 3, 0, 'priv', 15),
(192, 14, 108, 0, '2024-08-22 08:00:30', NULL, 7, 4, 2, 2, 0, 'priv', 16),
(193, 14, 108, 0, '2024-08-22 08:00:30', NULL, 7, 4, 2, 2, 0, 'priv', 17),
(194, 14, 108, 0, '2024-08-22 08:00:30', NULL, 7, 4, 2, 2, 0, 'priv', 18),
(195, 14, 108, 0, '2024-08-22 08:00:30', NULL, 7, 4, 2, 2, 0, 'priv', 19),
(196, 15, 108, 0, '2024-08-22 08:00:40', NULL, 7, 4, 3, 4, 0, 'team', 20),
(197, 15, 108, 0, '2024-08-22 08:00:40', NULL, 7, 4, 3, 1, 0, 'team', 21),
(198, 15, 108, 0, '2024-08-22 08:00:40', NULL, 7, 4, 3, 2, 0, 'team', 22),
(199, 15, 108, 0, '2024-08-22 08:00:40', NULL, 7, 4, 3, 4, 0, 'priv', 23),
(200, 15, 108, 0, '2024-08-22 08:00:40', NULL, 7, 4, 3, 1, 0, 'priv', 24),
(201, 15, 108, 0, '2024-08-22 08:00:40', NULL, 7, 4, 3, 2, 0, 'priv', 25),
(202, 15, 108, 0, '2024-08-22 08:00:40', NULL, 7, 4, 3, 4, 0, 'priv', 26),
(203, 15, 108, 0, '2024-08-22 08:00:40', NULL, 7, 4, 3, 2, 0, 'do', 27),
(204, 15, 108, 0, '2024-08-22 08:00:40', NULL, 7, 4, 3, 3, 0, 'do', 28),
(205, 3, 3, 1, '2024-08-22 08:16:30', NULL, 7, 5, 2, 3, 0, 'team', 11),
(206, 3, 3, 1, '2024-08-22 08:16:30', NULL, 7, 5, 2, 2, 0, 'team', 12),
(207, 3, 3, 1, '2024-08-22 08:16:30', NULL, 7, 5, 2, 1, 0, 'team', 13),
(208, 3, 3, 1, '2024-08-22 08:16:30', NULL, 7, 5, 2, 4, 0, 'team', 14),
(209, 3, 3, 1, '2024-08-22 08:16:30', NULL, 7, 5, 2, 3, 0, 'priv', 15),
(210, 3, 3, 1, '2024-08-22 08:16:30', NULL, 7, 5, 2, 3, 0, 'priv', 16),
(211, 3, 3, 1, '2024-08-22 08:16:30', NULL, 7, 5, 2, 2, 0, 'priv', 17),
(212, 3, 3, 1, '2024-08-22 08:16:30', NULL, 7, 5, 2, 2, 0, 'priv', 18),
(213, 3, 3, 1, '2024-08-22 08:16:30', NULL, 7, 5, 2, 3, 0, 'priv', 19),
(214, 3, 3, 0, '2024-08-22 08:16:42', NULL, 7, 5, 2, 5, 0, 'team', 11),
(215, 3, 3, 0, '2024-08-22 08:16:42', NULL, 7, 5, 2, 3, 0, 'team', 12),
(216, 3, 3, 0, '2024-08-22 08:16:42', NULL, 7, 5, 2, 5, 0, 'team', 13),
(217, 3, 3, 0, '2024-08-22 08:16:42', NULL, 7, 5, 2, 5, 0, 'team', 14),
(218, 3, 3, 0, '2024-08-22 08:16:42', NULL, 7, 5, 2, 5, 0, 'priv', 15),
(219, 3, 3, 0, '2024-08-22 08:16:42', NULL, 7, 5, 2, 5, 0, 'priv', 16),
(220, 3, 3, 0, '2024-08-22 08:16:42', NULL, 7, 5, 2, 5, 0, 'priv', 17),
(221, 3, 3, 0, '2024-08-22 08:16:42', NULL, 7, 5, 2, 2, 0, 'priv', 18),
(222, 3, 3, 0, '2024-08-22 08:16:42', NULL, 7, 5, 2, 5, 0, 'priv', 19),
(223, 16, 109, 0, '2024-08-23 10:56:40', NULL, 10, 9, 1, 3, 0, 'team', 1),
(224, 16, 109, 0, '2024-08-23 10:56:40', NULL, 10, 9, 1, 4, 0, 'team', 2),
(225, 16, 109, 0, '2024-08-23 10:56:40', NULL, 10, 9, 1, 2, 0, 'team', 3),
(226, 16, 109, 0, '2024-08-23 10:56:40', NULL, 10, 9, 1, 3, 0, 'team', 4),
(227, 16, 109, 0, '2024-08-23 10:56:40', NULL, 10, 9, 1, 5, 0, 'team', 5),
(228, 16, 109, 0, '2024-08-23 10:56:40', NULL, 10, 9, 1, 2, 0, 'team', 6),
(229, 16, 109, 0, '2024-08-23 10:56:40', NULL, 10, 9, 1, 2, 0, 'priv', 7),
(230, 16, 109, 0, '2024-08-23 10:56:40', NULL, 10, 9, 1, 4, 0, 'priv', 8),
(231, 16, 109, 0, '2024-08-23 10:56:40', NULL, 10, 9, 1, 4, 0, 'priv', 9),
(232, 16, 109, 0, '2024-08-23 10:56:40', NULL, 10, 9, 1, 2, 0, 'do', 10),
(233, 16, 109, 0, '2024-08-23 10:56:59', NULL, 12, 9, 1, 3, 0, 'team', 1),
(234, 16, 109, 0, '2024-08-23 10:56:59', NULL, 12, 9, 1, 3, 0, 'team', 2),
(235, 16, 109, 0, '2024-08-23 10:56:59', NULL, 12, 9, 1, 3, 0, 'team', 3),
(236, 16, 109, 0, '2024-08-23 10:56:59', NULL, 12, 9, 1, 1, 0, 'team', 4),
(237, 16, 109, 0, '2024-08-23 10:56:59', NULL, 12, 9, 1, 1, 0, 'team', 5),
(238, 16, 109, 0, '2024-08-23 10:56:59', NULL, 12, 9, 1, 1, 0, 'team', 6),
(239, 16, 109, 0, '2024-08-23 10:56:59', NULL, 12, 9, 1, 5, 0, 'priv', 7),
(240, 16, 109, 0, '2024-08-23 10:56:59', NULL, 12, 9, 1, 2, 0, 'priv', 8),
(241, 16, 109, 0, '2024-08-23 10:56:59', NULL, 12, 9, 1, 1, 0, 'priv', 9),
(242, 16, 109, 0, '2024-08-23 10:56:59', NULL, 12, 9, 1, 0, 0, 'do', 10),
(243, 16, 109, 0, '2024-08-23 10:57:25', NULL, 11, 9, 1, 1, 0, 'team', 1),
(244, 16, 109, 0, '2024-08-23 10:57:25', NULL, 11, 9, 1, 2, 0, 'team', 2),
(245, 16, 109, 0, '2024-08-23 10:57:25', NULL, 11, 9, 1, 1, 0, 'team', 3),
(246, 16, 109, 0, '2024-08-23 10:57:25', NULL, 11, 9, 1, 3, 0, 'team', 4),
(247, 16, 109, 0, '2024-08-23 10:57:25', NULL, 11, 9, 1, 2, 0, 'team', 5),
(248, 16, 109, 0, '2024-08-23 10:57:25', NULL, 11, 9, 1, 5, 0, 'team', 6),
(249, 16, 109, 0, '2024-08-23 10:57:25', NULL, 11, 9, 1, 3, 0, 'priv', 7),
(250, 16, 109, 0, '2024-08-23 10:57:25', NULL, 11, 9, 1, 3, 0, 'priv', 8),
(251, 16, 109, 0, '2024-08-23 10:57:25', NULL, 11, 9, 1, 3, 0, 'priv', 9),
(252, 16, 109, 0, '2024-08-23 10:57:25', NULL, 11, 9, 1, 2, 0, 'do', 10),
(253, 17, 109, 0, '2024-08-23 10:57:42', NULL, 10, 9, 2, 3, 0, 'team', 11),
(254, 17, 109, 0, '2024-08-23 10:57:42', NULL, 10, 9, 2, 2, 0, 'team', 12),
(255, 17, 109, 0, '2024-08-23 10:57:42', NULL, 10, 9, 2, 4, 0, 'team', 13),
(256, 17, 109, 0, '2024-08-23 10:57:42', NULL, 10, 9, 2, 5, 0, 'team', 14),
(257, 17, 109, 0, '2024-08-23 10:57:42', NULL, 10, 9, 2, 5, 0, 'priv', 15),
(258, 17, 109, 0, '2024-08-23 10:57:42', NULL, 10, 9, 2, 5, 0, 'priv', 16),
(259, 17, 109, 0, '2024-08-23 10:57:42', NULL, 10, 9, 2, 5, 0, 'priv', 17),
(260, 17, 109, 0, '2024-08-23 10:57:42', NULL, 10, 9, 2, 0, 0, 'priv', 18),
(261, 17, 109, 0, '2024-08-23 10:57:42', NULL, 10, 9, 2, 0, 0, 'priv', 19),
(262, 17, 109, 0, '2024-08-23 10:57:59', NULL, 12, 9, 2, 4, 0, 'team', 11),
(263, 17, 109, 0, '2024-08-23 10:57:59', NULL, 12, 9, 2, 2, 0, 'team', 12),
(264, 17, 109, 0, '2024-08-23 10:57:59', NULL, 12, 9, 2, 2, 0, 'team', 13),
(265, 17, 109, 0, '2024-08-23 10:57:59', NULL, 12, 9, 2, 2, 0, 'team', 14),
(266, 17, 109, 0, '2024-08-23 10:57:59', NULL, 12, 9, 2, 2, 0, 'priv', 15),
(267, 17, 109, 0, '2024-08-23 10:57:59', NULL, 12, 9, 2, 4, 0, 'priv', 16),
(268, 17, 109, 0, '2024-08-23 10:57:59', NULL, 12, 9, 2, 4, 0, 'priv', 17),
(269, 17, 109, 0, '2024-08-23 10:57:59', NULL, 12, 9, 2, 2, 0, 'priv', 18),
(270, 17, 109, 0, '2024-08-23 10:57:59', NULL, 12, 9, 2, 2, 0, 'priv', 19),
(271, 17, 109, 0, '2024-08-23 10:58:15', NULL, 11, 9, 2, 5, 0, 'team', 11),
(272, 17, 109, 0, '2024-08-23 10:58:15', NULL, 11, 9, 2, 5, 0, 'team', 12),
(273, 17, 109, 0, '2024-08-23 10:58:15', NULL, 11, 9, 2, 4, 0, 'team', 13),
(274, 17, 109, 0, '2024-08-23 10:58:15', NULL, 11, 9, 2, 3, 0, 'team', 14),
(275, 17, 109, 0, '2024-08-23 10:58:15', NULL, 11, 9, 2, 2, 0, 'priv', 15),
(276, 17, 109, 0, '2024-08-23 10:58:15', NULL, 11, 9, 2, 2, 0, 'priv', 16),
(277, 17, 109, 0, '2024-08-23 10:58:15', NULL, 11, 9, 2, 5, 0, 'priv', 17),
(278, 17, 109, 0, '2024-08-23 10:58:15', NULL, 11, 9, 2, 5, 0, 'priv', 18),
(279, 17, 109, 0, '2024-08-23 10:58:15', NULL, 11, 9, 2, 5, 0, 'priv', 19),
(280, 18, 109, 0, '2024-08-23 10:58:37', NULL, 10, 9, 3, 5, 0, 'team', 20),
(281, 18, 109, 0, '2024-08-23 10:58:37', NULL, 10, 9, 3, 5, 0, 'team', 21),
(282, 18, 109, 0, '2024-08-23 10:58:37', NULL, 10, 9, 3, 5, 0, 'team', 22),
(283, 18, 109, 0, '2024-08-23 10:58:37', NULL, 10, 9, 3, 5, 0, 'priv', 23),
(284, 18, 109, 0, '2024-08-23 10:58:37', NULL, 10, 9, 3, 5, 0, 'priv', 24),
(285, 18, 109, 0, '2024-08-23 10:58:37', NULL, 10, 9, 3, 5, 0, 'priv', 25),
(286, 18, 109, 0, '2024-08-23 10:58:37', NULL, 10, 9, 3, 5, 0, 'priv', 26),
(287, 18, 109, 0, '2024-08-23 10:58:37', NULL, 10, 9, 3, 5, 0, 'do', 27),
(288, 18, 109, 0, '2024-08-23 10:58:37', NULL, 10, 9, 3, 1, 0, 'do', 28),
(289, 18, 109, 0, '2024-08-23 10:58:57', NULL, 12, 9, 3, 4, 0, 'team', 20),
(290, 18, 109, 0, '2024-08-23 10:58:57', NULL, 12, 9, 3, 4, 0, 'team', 21),
(291, 18, 109, 0, '2024-08-23 10:58:57', NULL, 12, 9, 3, 4, 0, 'team', 22),
(292, 18, 109, 0, '2024-08-23 10:58:57', NULL, 12, 9, 3, 4, 0, 'priv', 23),
(293, 18, 109, 0, '2024-08-23 10:58:57', NULL, 12, 9, 3, 2, 0, 'priv', 24),
(294, 18, 109, 0, '2024-08-23 10:58:57', NULL, 12, 9, 3, 2, 0, 'priv', 25),
(295, 18, 109, 0, '2024-08-23 10:58:57', NULL, 12, 9, 3, 2, 0, 'priv', 26),
(296, 18, 109, 0, '2024-08-23 10:58:57', NULL, 12, 9, 3, 2, 0, 'do', 27),
(297, 18, 109, 0, '2024-08-23 10:58:57', NULL, 12, 9, 3, 1, 0, 'do', 28),
(298, 18, 109, 0, '2024-08-23 10:59:14', NULL, 11, 9, 3, 4, 0, 'team', 20),
(299, 18, 109, 0, '2024-08-23 10:59:14', NULL, 11, 9, 3, 3, 0, 'team', 21),
(300, 18, 109, 0, '2024-08-23 10:59:14', NULL, 11, 9, 3, 3, 0, 'team', 22),
(301, 18, 109, 0, '2024-08-23 10:59:14', NULL, 11, 9, 3, 3, 0, 'priv', 23),
(302, 18, 109, 0, '2024-08-23 10:59:14', NULL, 11, 9, 3, 4, 0, 'priv', 24),
(303, 18, 109, 0, '2024-08-23 10:59:14', NULL, 11, 9, 3, 4, 0, 'priv', 25),
(304, 18, 109, 0, '2024-08-23 10:59:14', NULL, 11, 9, 3, 3, 0, 'priv', 26),
(305, 18, 109, 0, '2024-08-23 10:59:14', NULL, 11, 9, 3, 2, 0, 'do', 27),
(306, 18, 109, 0, '2024-08-23 10:59:14', NULL, 11, 9, 3, 3, 0, 'do', 28),
(307, 16, 109, 0, '2024-08-23 10:59:47', NULL, 9, 10, 1, 1, 0, 'team', 1),
(308, 16, 109, 0, '2024-08-23 10:59:47', NULL, 9, 10, 1, 2, 0, 'team', 2),
(309, 16, 109, 0, '2024-08-23 10:59:47', NULL, 9, 10, 1, 2, 0, 'team', 3),
(310, 16, 109, 0, '2024-08-23 10:59:47', NULL, 9, 10, 1, 1, 0, 'team', 4),
(311, 16, 109, 0, '2024-08-23 10:59:47', NULL, 9, 10, 1, 1, 0, 'team', 5),
(312, 16, 109, 0, '2024-08-23 10:59:47', NULL, 9, 10, 1, 1, 0, 'team', 6),
(313, 16, 109, 0, '2024-08-23 10:59:47', NULL, 9, 10, 1, 1, 0, 'priv', 7),
(314, 16, 109, 0, '2024-08-23 10:59:47', NULL, 9, 10, 1, 1, 0, 'priv', 8),
(315, 16, 109, 0, '2024-08-23 10:59:47', NULL, 9, 10, 1, 1, 0, 'priv', 9),
(316, 16, 109, 0, '2024-08-23 10:59:47', NULL, 9, 10, 1, 5, 0, 'do', 10),
(317, 16, 109, 0, '2024-08-23 11:00:12', NULL, 12, 10, 1, 2, 0, 'team', 1),
(318, 16, 109, 0, '2024-08-23 11:00:12', NULL, 12, 10, 1, 2, 0, 'team', 2),
(319, 16, 109, 0, '2024-08-23 11:00:12', NULL, 12, 10, 1, 4, 0, 'team', 3),
(320, 16, 109, 0, '2024-08-23 11:00:12', NULL, 12, 10, 1, 4, 0, 'team', 4),
(321, 16, 109, 0, '2024-08-23 11:00:12', NULL, 12, 10, 1, 2, 0, 'team', 5),
(322, 16, 109, 0, '2024-08-23 11:00:12', NULL, 12, 10, 1, 2, 0, 'team', 6),
(323, 16, 109, 0, '2024-08-23 11:00:12', NULL, 12, 10, 1, 4, 0, 'priv', 7),
(324, 16, 109, 0, '2024-08-23 11:00:12', NULL, 12, 10, 1, 5, 0, 'priv', 8),
(325, 16, 109, 0, '2024-08-23 11:00:12', NULL, 12, 10, 1, 4, 0, 'priv', 9),
(326, 16, 109, 0, '2024-08-23 11:00:12', NULL, 12, 10, 1, 3, 0, 'do', 10),
(327, 16, 109, 0, '2024-08-23 11:00:34', NULL, 11, 10, 1, 3, 0, 'team', 1),
(328, 16, 109, 0, '2024-08-23 11:00:34', NULL, 11, 10, 1, 3, 0, 'team', 2),
(329, 16, 109, 0, '2024-08-23 11:00:34', NULL, 11, 10, 1, 2, 0, 'team', 3),
(330, 16, 109, 0, '2024-08-23 11:00:34', NULL, 11, 10, 1, 5, 0, 'team', 4),
(331, 16, 109, 0, '2024-08-23 11:00:34', NULL, 11, 10, 1, 5, 0, 'team', 5),
(332, 16, 109, 0, '2024-08-23 11:00:34', NULL, 11, 10, 1, 5, 0, 'team', 6),
(333, 16, 109, 0, '2024-08-23 11:00:34', NULL, 11, 10, 1, 5, 0, 'priv', 7),
(334, 16, 109, 0, '2024-08-23 11:00:34', NULL, 11, 10, 1, 5, 0, 'priv', 8),
(335, 16, 109, 0, '2024-08-23 11:00:34', NULL, 11, 10, 1, 5, 0, 'priv', 9),
(336, 16, 109, 0, '2024-08-23 11:00:34', NULL, 11, 10, 1, 4, 0, 'do', 10),
(337, 17, 109, 0, '2024-08-23 11:01:04', NULL, 9, 10, 2, 2, 0, 'team', 11),
(338, 17, 109, 0, '2024-08-23 11:01:04', NULL, 9, 10, 2, 3, 0, 'team', 12),
(339, 17, 109, 0, '2024-08-23 11:01:04', NULL, 9, 10, 2, 3, 0, 'team', 13),
(340, 17, 109, 0, '2024-08-23 11:01:04', NULL, 9, 10, 2, 2, 0, 'team', 14),
(341, 17, 109, 0, '2024-08-23 11:01:04', NULL, 9, 10, 2, 2, 0, 'priv', 15),
(342, 17, 109, 0, '2024-08-23 11:01:04', NULL, 9, 10, 2, 4, 0, 'priv', 16),
(343, 17, 109, 0, '2024-08-23 11:01:04', NULL, 9, 10, 2, 2, 0, 'priv', 17),
(344, 17, 109, 0, '2024-08-23 11:01:04', NULL, 9, 10, 2, 2, 0, 'priv', 18),
(345, 17, 109, 0, '2024-08-23 11:01:04', NULL, 9, 10, 2, 4, 0, 'priv', 19),
(346, 17, 109, 0, '2024-08-23 11:01:20', NULL, 12, 10, 2, 2, 0, 'team', 11),
(347, 17, 109, 0, '2024-08-23 11:01:20', NULL, 12, 10, 2, 4, 0, 'team', 12),
(348, 17, 109, 0, '2024-08-23 11:01:20', NULL, 12, 10, 2, 3, 0, 'team', 13),
(349, 17, 109, 0, '2024-08-23 11:01:20', NULL, 12, 10, 2, 3, 0, 'team', 14),
(350, 17, 109, 0, '2024-08-23 11:01:20', NULL, 12, 10, 2, 0, 0, 'priv', 15),
(351, 17, 109, 0, '2024-08-23 11:01:20', NULL, 12, 10, 2, 5, 0, 'priv', 16),
(352, 17, 109, 0, '2024-08-23 11:01:20', NULL, 12, 10, 2, 5, 0, 'priv', 17),
(353, 17, 109, 0, '2024-08-23 11:01:20', NULL, 12, 10, 2, 5, 0, 'priv', 18),
(354, 17, 109, 0, '2024-08-23 11:01:20', NULL, 12, 10, 2, 5, 0, 'priv', 19),
(355, 17, 109, 0, '2024-08-23 11:01:47', NULL, 11, 10, 2, 2, 0, 'team', 11),
(356, 17, 109, 0, '2024-08-23 11:01:47', NULL, 11, 10, 2, 4, 0, 'team', 12),
(357, 17, 109, 0, '2024-08-23 11:01:47', NULL, 11, 10, 2, 2, 0, 'team', 13),
(358, 17, 109, 0, '2024-08-23 11:01:47', NULL, 11, 10, 2, 2, 0, 'team', 14),
(359, 17, 109, 0, '2024-08-23 11:01:47', NULL, 11, 10, 2, 3, 0, 'priv', 15),
(360, 17, 109, 0, '2024-08-23 11:01:47', NULL, 11, 10, 2, 2, 0, 'priv', 16),
(361, 17, 109, 0, '2024-08-23 11:01:47', NULL, 11, 10, 2, 2, 0, 'priv', 17),
(362, 17, 109, 0, '2024-08-23 11:01:47', NULL, 11, 10, 2, 4, 0, 'priv', 18),
(363, 17, 109, 0, '2024-08-23 11:01:47', NULL, 11, 10, 2, 4, 0, 'priv', 19),
(364, 18, 109, 0, '2024-08-23 11:02:08', NULL, 9, 10, 3, 0, 0, 'team', 20),
(365, 18, 109, 0, '2024-08-23 11:02:08', NULL, 9, 10, 3, 5, 0, 'team', 21),
(366, 18, 109, 0, '2024-08-23 11:02:08', NULL, 9, 10, 3, 3, 0, 'team', 22),
(367, 18, 109, 0, '2024-08-23 11:02:08', NULL, 9, 10, 3, 0, 0, 'priv', 23),
(368, 18, 109, 0, '2024-08-23 11:02:08', NULL, 9, 10, 3, 3, 0, 'priv', 24),
(369, 18, 109, 0, '2024-08-23 11:02:08', NULL, 9, 10, 3, 0, 0, 'priv', 25),
(370, 18, 109, 0, '2024-08-23 11:02:08', NULL, 9, 10, 3, 3, 0, 'priv', 26),
(371, 18, 109, 0, '2024-08-23 11:02:08', NULL, 9, 10, 3, 0, 0, 'do', 27),
(372, 18, 109, 0, '2024-08-23 11:02:08', NULL, 9, 10, 3, 4, 0, 'do', 28),
(373, 18, 109, 0, '2024-08-23 11:03:29', NULL, 12, 10, 3, 3, 0, 'team', 20),
(374, 18, 109, 0, '2024-08-23 11:03:29', NULL, 12, 10, 3, 4, 0, 'team', 21),
(375, 18, 109, 0, '2024-08-23 11:03:29', NULL, 12, 10, 3, 3, 0, 'team', 22),
(376, 18, 109, 0, '2024-08-23 11:03:29', NULL, 12, 10, 3, 4, 0, 'priv', 23),
(377, 18, 109, 0, '2024-08-23 11:03:29', NULL, 12, 10, 3, 4, 0, 'priv', 24),
(378, 18, 109, 0, '2024-08-23 11:03:29', NULL, 12, 10, 3, 4, 0, 'priv', 25),
(379, 18, 109, 0, '2024-08-23 11:03:29', NULL, 12, 10, 3, 3, 0, 'priv', 26),
(380, 18, 109, 0, '2024-08-23 11:03:29', NULL, 12, 10, 3, 3, 0, 'do', 27),
(381, 18, 109, 0, '2024-08-23 11:03:29', NULL, 12, 10, 3, 3, 0, 'do', 28),
(382, 18, 109, 0, '2024-08-23 11:03:43', NULL, 11, 10, 3, 1, 0, 'team', 20),
(383, 18, 109, 0, '2024-08-23 11:03:43', NULL, 11, 10, 3, 2, 0, 'team', 21),
(384, 18, 109, 0, '2024-08-23 11:03:43', NULL, 11, 10, 3, 2, 0, 'team', 22),
(385, 18, 109, 0, '2024-08-23 11:03:43', NULL, 11, 10, 3, 2, 0, 'priv', 23),
(386, 18, 109, 0, '2024-08-23 11:03:43', NULL, 11, 10, 3, 4, 0, 'priv', 24),
(387, 18, 109, 0, '2024-08-23 11:03:43', NULL, 11, 10, 3, 4, 0, 'priv', 25),
(388, 18, 109, 0, '2024-08-23 11:03:43', NULL, 11, 10, 3, 4, 0, 'priv', 26),
(389, 18, 109, 0, '2024-08-23 11:03:43', NULL, 11, 10, 3, 5, 0, 'do', 27),
(390, 18, 109, 0, '2024-08-23 11:03:43', NULL, 11, 10, 3, 4, 0, 'do', 28),
(391, 16, 109, 0, '2024-08-23 11:04:14', NULL, 9, 11, 1, 5, 0, 'team', 1),
(392, 16, 109, 0, '2024-08-23 11:04:14', NULL, 9, 11, 1, 4, 0, 'team', 2),
(393, 16, 109, 0, '2024-08-23 11:04:14', NULL, 9, 11, 1, 3, 0, 'team', 3),
(394, 16, 109, 0, '2024-08-23 11:04:14', NULL, 9, 11, 1, 3, 0, 'team', 4),
(395, 16, 109, 0, '2024-08-23 11:04:14', NULL, 9, 11, 1, 2, 0, 'team', 5),
(396, 16, 109, 0, '2024-08-23 11:04:14', NULL, 9, 11, 1, 2, 0, 'team', 6),
(397, 16, 109, 0, '2024-08-23 11:04:14', NULL, 9, 11, 1, 5, 0, 'priv', 7),
(398, 16, 109, 0, '2024-08-23 11:04:14', NULL, 9, 11, 1, 5, 0, 'priv', 8),
(399, 16, 109, 0, '2024-08-23 11:04:14', NULL, 9, 11, 1, 3, 0, 'priv', 9),
(400, 16, 109, 0, '2024-08-23 11:04:14', NULL, 9, 11, 1, 4, 0, 'do', 10),
(401, 16, 109, 0, '2024-08-23 11:04:43', NULL, 10, 11, 1, 2, 0, 'team', 1),
(402, 16, 109, 0, '2024-08-23 11:04:43', NULL, 10, 11, 1, 4, 0, 'team', 2),
(403, 16, 109, 0, '2024-08-23 11:04:43', NULL, 10, 11, 1, 3, 0, 'team', 3),
(404, 16, 109, 0, '2024-08-23 11:04:43', NULL, 10, 11, 1, 5, 0, 'team', 4),
(405, 16, 109, 0, '2024-08-23 11:04:43', NULL, 10, 11, 1, 4, 0, 'team', 5),
(406, 16, 109, 0, '2024-08-23 11:04:43', NULL, 10, 11, 1, 5, 0, 'team', 6),
(407, 16, 109, 0, '2024-08-23 11:04:43', NULL, 10, 11, 1, 3, 0, 'priv', 7),
(408, 16, 109, 0, '2024-08-23 11:04:43', NULL, 10, 11, 1, 2, 0, 'priv', 8),
(409, 16, 109, 0, '2024-08-23 11:04:43', NULL, 10, 11, 1, 5, 0, 'priv', 9),
(410, 16, 109, 0, '2024-08-23 11:04:43', NULL, 10, 11, 1, 5, 0, 'do', 10),
(411, 16, 109, 0, '2024-08-23 11:05:42', NULL, 12, 11, 1, 5, 0, 'team', 1),
(412, 16, 109, 0, '2024-08-23 11:05:42', NULL, 12, 11, 1, 5, 0, 'team', 2),
(413, 16, 109, 0, '2024-08-23 11:05:42', NULL, 12, 11, 1, 4, 0, 'team', 3),
(414, 16, 109, 0, '2024-08-23 11:05:42', NULL, 12, 11, 1, 4, 0, 'team', 4),
(415, 16, 109, 0, '2024-08-23 11:05:42', NULL, 12, 11, 1, 5, 0, 'team', 5),
(416, 16, 109, 0, '2024-08-23 11:05:42', NULL, 12, 11, 1, 3, 0, 'team', 6),
(417, 16, 109, 0, '2024-08-23 11:05:42', NULL, 12, 11, 1, 4, 0, 'priv', 7),
(418, 16, 109, 0, '2024-08-23 11:05:42', NULL, 12, 11, 1, 3, 0, 'priv', 8),
(419, 16, 109, 0, '2024-08-23 11:05:42', NULL, 12, 11, 1, 4, 0, 'priv', 9),
(420, 16, 109, 0, '2024-08-23 11:05:42', NULL, 12, 11, 1, 4, 0, 'do', 10),
(421, 17, 109, 0, '2024-08-23 11:06:06', NULL, 9, 11, 2, 3, 0, 'team', 11),
(422, 17, 109, 0, '2024-08-23 11:06:06', NULL, 9, 11, 2, 4, 0, 'team', 12),
(423, 17, 109, 0, '2024-08-23 11:06:06', NULL, 9, 11, 2, 3, 0, 'team', 13),
(424, 17, 109, 0, '2024-08-23 11:06:06', NULL, 9, 11, 2, 2, 0, 'team', 14),
(425, 17, 109, 0, '2024-08-23 11:06:06', NULL, 9, 11, 2, 4, 0, 'priv', 15),
(426, 17, 109, 0, '2024-08-23 11:06:06', NULL, 9, 11, 2, 3, 0, 'priv', 16),
(427, 17, 109, 0, '2024-08-23 11:06:06', NULL, 9, 11, 2, 3, 0, 'priv', 17),
(428, 17, 109, 0, '2024-08-23 11:06:06', NULL, 9, 11, 2, 5, 0, 'priv', 18),
(429, 17, 109, 0, '2024-08-23 11:06:06', NULL, 9, 11, 2, 5, 0, 'priv', 19),
(430, 17, 109, 0, '2024-08-23 11:06:40', NULL, 10, 11, 2, 3, 0, 'team', 11),
(431, 17, 109, 0, '2024-08-23 11:06:40', NULL, 10, 11, 2, 3, 0, 'team', 12),
(432, 17, 109, 0, '2024-08-23 11:06:40', NULL, 10, 11, 2, 5, 0, 'team', 13),
(433, 17, 109, 0, '2024-08-23 11:06:40', NULL, 10, 11, 2, 2, 0, 'team', 14),
(434, 17, 109, 0, '2024-08-23 11:06:40', NULL, 10, 11, 2, 4, 0, 'priv', 15),
(435, 17, 109, 0, '2024-08-23 11:06:40', NULL, 10, 11, 2, 2, 0, 'priv', 16),
(436, 17, 109, 0, '2024-08-23 11:06:40', NULL, 10, 11, 2, 3, 0, 'priv', 17),
(437, 17, 109, 0, '2024-08-23 11:06:40', NULL, 10, 11, 2, 2, 0, 'priv', 18),
(438, 17, 109, 0, '2024-08-23 11:06:40', NULL, 10, 11, 2, 1, 0, 'priv', 19),
(439, 17, 109, 0, '2024-08-23 11:07:00', NULL, 12, 11, 2, 3, 0, 'team', 11),
(440, 17, 109, 0, '2024-08-23 11:07:00', NULL, 12, 11, 2, 4, 0, 'team', 12),
(441, 17, 109, 0, '2024-08-23 11:07:00', NULL, 12, 11, 2, 3, 0, 'team', 13),
(442, 17, 109, 0, '2024-08-23 11:07:00', NULL, 12, 11, 2, 3, 0, 'team', 14),
(443, 17, 109, 0, '2024-08-23 11:07:00', NULL, 12, 11, 2, 5, 0, 'priv', 15),
(444, 17, 109, 0, '2024-08-23 11:07:00', NULL, 12, 11, 2, 5, 0, 'priv', 16),
(445, 17, 109, 0, '2024-08-23 11:07:00', NULL, 12, 11, 2, 5, 0, 'priv', 17),
(446, 17, 109, 0, '2024-08-23 11:07:00', NULL, 12, 11, 2, 5, 0, 'priv', 18),
(447, 17, 109, 0, '2024-08-23 11:07:00', NULL, 12, 11, 2, 5, 0, 'priv', 19),
(448, 18, 109, 0, '2024-08-23 11:07:33', NULL, 9, 11, 3, 3, 0, 'team', 20),
(449, 18, 109, 0, '2024-08-23 11:07:33', NULL, 9, 11, 3, 2, 0, 'team', 21),
(450, 18, 109, 0, '2024-08-23 11:07:33', NULL, 9, 11, 3, 1, 0, 'team', 22),
(451, 18, 109, 0, '2024-08-23 11:07:33', NULL, 9, 11, 3, 1, 0, 'priv', 23),
(452, 18, 109, 0, '2024-08-23 11:07:33', NULL, 9, 11, 3, 4, 0, 'priv', 24),
(453, 18, 109, 0, '2024-08-23 11:07:33', NULL, 9, 11, 3, 2, 0, 'priv', 25),
(454, 18, 109, 0, '2024-08-23 11:07:33', NULL, 9, 11, 3, 1, 0, 'priv', 26),
(455, 18, 109, 0, '2024-08-23 11:07:33', NULL, 9, 11, 3, 1, 0, 'do', 27),
(456, 18, 109, 0, '2024-08-23 11:07:33', NULL, 9, 11, 3, 2, 0, 'do', 28),
(457, 18, 109, 0, '2024-08-23 11:11:36', NULL, 10, 11, 3, 4, 0, 'team', 20),
(458, 18, 109, 0, '2024-08-23 11:11:36', NULL, 10, 11, 3, 3, 0, 'team', 21),
(459, 18, 109, 0, '2024-08-23 11:11:36', NULL, 10, 11, 3, 3, 0, 'team', 22),
(460, 18, 109, 0, '2024-08-23 11:11:36', NULL, 10, 11, 3, 5, 0, 'priv', 23),
(461, 18, 109, 0, '2024-08-23 11:11:36', NULL, 10, 11, 3, 4, 0, 'priv', 24),
(462, 18, 109, 0, '2024-08-23 11:11:36', NULL, 10, 11, 3, 3, 0, 'priv', 25),
(463, 18, 109, 0, '2024-08-23 11:11:36', NULL, 10, 11, 3, 4, 0, 'priv', 26),
(464, 18, 109, 0, '2024-08-23 11:11:36', NULL, 10, 11, 3, 2, 0, 'do', 27),
(465, 18, 109, 0, '2024-08-23 11:11:36', NULL, 10, 11, 3, 3, 0, 'do', 28),
(466, 18, 109, 0, '2024-08-23 11:12:35', NULL, 12, 11, 3, 3, 0, 'team', 20),
(467, 18, 109, 0, '2024-08-23 11:12:35', NULL, 12, 11, 3, 2, 0, 'team', 21),
(468, 18, 109, 0, '2024-08-23 11:12:35', NULL, 12, 11, 3, 4, 0, 'team', 22),
(469, 18, 109, 0, '2024-08-23 11:12:35', NULL, 12, 11, 3, 3, 0, 'priv', 23),
(470, 18, 109, 0, '2024-08-23 11:12:35', NULL, 12, 11, 3, 2, 0, 'priv', 24),
(471, 18, 109, 0, '2024-08-23 11:12:35', NULL, 12, 11, 3, 1, 0, 'priv', 25),
(472, 18, 109, 0, '2024-08-23 11:12:35', NULL, 12, 11, 3, 2, 0, 'priv', 26),
(473, 18, 109, 0, '2024-08-23 11:12:35', NULL, 12, 11, 3, 2, 0, 'do', 27),
(474, 18, 109, 0, '2024-08-23 11:12:35', NULL, 12, 11, 3, 2, 0, 'do', 28),
(475, 19, 3, 0, '2024-08-23 12:08:19', NULL, 7, 5, 4, 5, 0, 'team', 29),
(476, 19, 3, 0, '2024-08-23 12:08:19', NULL, 7, 5, 4, 5, 0, 'team', 30),
(477, 19, 3, 0, '2024-08-23 12:08:19', NULL, 7, 5, 4, 4, 0, 'team', 31),
(478, 19, 3, 0, '2024-08-23 12:08:19', NULL, 7, 5, 4, 4, 0, 'priv', 32),
(479, 19, 3, 0, '2024-08-23 12:08:19', NULL, 7, 5, 4, 3, 0, 'priv', 33),
(480, 19, 3, 0, '2024-08-23 12:08:19', NULL, 7, 5, 4, 3, 0, 'priv', 34),
(481, 19, 3, 0, '2024-08-23 12:08:19', NULL, 7, 5, 4, 3, 0, 'priv', 35),
(482, 19, 3, 0, '2024-08-23 12:08:19', NULL, 7, 5, 4, 2, 0, 'priv', 36),
(483, 19, 3, 0, '2024-08-23 12:08:19', NULL, 7, 5, 4, 3, 0, 'do', 37),
(484, 19, 3, 0, '2024-08-23 12:08:19', NULL, 7, 5, 4, 3, 0, 'do', 38),
(485, 3, 3, 0, '2024-08-23 12:09:02', NULL, 5, 7, 2, 2, 0, 'team', 11),
(486, 3, 3, 0, '2024-08-23 12:09:02', NULL, 5, 7, 2, 2, 0, 'team', 12),
(487, 3, 3, 0, '2024-08-23 12:09:02', NULL, 5, 7, 2, 3, 0, 'team', 13),
(488, 3, 3, 0, '2024-08-23 12:09:02', NULL, 5, 7, 2, 2, 0, 'team', 14),
(489, 3, 3, 0, '2024-08-23 12:09:02', NULL, 5, 7, 2, 2, 0, 'priv', 15),
(490, 3, 3, 0, '2024-08-23 12:09:02', NULL, 5, 7, 2, 2, 0, 'priv', 16),
(491, 3, 3, 0, '2024-08-23 12:09:02', NULL, 5, 7, 2, 3, 0, 'priv', 17),
(492, 3, 3, 0, '2024-08-23 12:09:02', NULL, 5, 7, 2, 3, 0, 'priv', 18),
(493, 3, 3, 0, '2024-08-23 12:09:02', NULL, 5, 7, 2, 4, 0, 'priv', 19),
(494, 19, 3, 0, '2024-08-23 12:09:12', NULL, 5, 7, 4, 4, 0, 'team', 29),
(495, 19, 3, 0, '2024-08-23 12:09:12', NULL, 5, 7, 4, 3, 0, 'team', 30),
(496, 19, 3, 0, '2024-08-23 12:09:12', NULL, 5, 7, 4, 2, 0, 'team', 31),
(497, 19, 3, 0, '2024-08-23 12:09:12', NULL, 5, 7, 4, 2, 0, 'priv', 32),
(498, 19, 3, 0, '2024-08-23 12:09:12', NULL, 5, 7, 4, 4, 0, 'priv', 33),
(499, 19, 3, 0, '2024-08-23 12:09:12', NULL, 5, 7, 4, 3, 0, 'priv', 34),
(500, 19, 3, 0, '2024-08-23 12:09:12', NULL, 5, 7, 4, 3, 0, 'priv', 35),
(501, 19, 3, 0, '2024-08-23 12:09:12', NULL, 5, 7, 4, 3, 0, 'priv', 36),
(502, 19, 3, 0, '2024-08-23 12:09:12', NULL, 5, 7, 4, 3, 0, 'do', 37),
(503, 19, 3, 0, '2024-08-23 12:09:12', NULL, 5, 7, 4, 2, 0, 'do', 38),
(504, 25, 125, 0, '2024-08-26 16:49:23', NULL, 9, 16, 1, 3, 0, 'team', 1),
(505, 25, 125, 0, '2024-08-26 16:49:23', NULL, 9, 16, 1, 3, 0, 'team', 2),
(506, 25, 125, 0, '2024-08-26 16:49:23', NULL, 9, 16, 1, 3, 0, 'team', 3),
(507, 25, 125, 0, '2024-08-26 16:49:23', NULL, 9, 16, 1, 4, 0, 'team', 4),
(508, 25, 125, 0, '2024-08-26 16:49:23', NULL, 9, 16, 1, 4, 0, 'team', 5),
(509, 25, 125, 0, '2024-08-26 16:49:23', NULL, 9, 16, 1, 3, 0, 'team', 6),
(510, 25, 125, 0, '2024-08-26 16:49:23', NULL, 9, 16, 1, 3, 0, 'priv', 7),
(511, 25, 125, 0, '2024-08-26 16:49:23', NULL, 9, 16, 1, 4, 0, 'priv', 8),
(512, 25, 125, 0, '2024-08-26 16:49:23', NULL, 9, 16, 1, 4, 0, 'priv', 9),
(513, 25, 125, 0, '2024-08-26 16:49:23', NULL, 9, 16, 1, 3, 0, 'do', 10),
(514, 20, 93, 0, '2024-08-26 17:41:24', NULL, 7, 5, 2, 5, 0, 'team', 11),
(515, 20, 93, 0, '2024-08-26 17:41:24', NULL, 7, 5, 2, 2, 0, 'team', 12),
(516, 20, 93, 0, '2024-08-26 17:41:24', NULL, 7, 5, 2, 2, 0, 'team', 13),
(517, 20, 93, 0, '2024-08-26 17:41:24', NULL, 7, 5, 2, 2, 0, 'team', 14),
(518, 20, 93, 0, '2024-08-26 17:41:24', NULL, 7, 5, 2, 3, 0, 'priv', 15),
(519, 20, 93, 0, '2024-08-26 17:41:24', NULL, 7, 5, 2, 1, 0, 'priv', 16),
(520, 20, 93, 0, '2024-08-26 17:41:24', NULL, 7, 5, 2, 1, 0, 'priv', 17),
(521, 20, 93, 0, '2024-08-26 17:41:24', NULL, 7, 5, 2, 4, 0, 'priv', 18),
(522, 20, 93, 0, '2024-08-26 17:41:24', NULL, 7, 5, 2, 1, 0, 'priv', 19),
(523, 25, 125, 0, '2024-08-27 10:08:56', NULL, 10, 9, 1, 3, 0, 'team', 1),
(524, 25, 125, 0, '2024-08-27 10:08:56', NULL, 10, 9, 1, 4, 0, 'team', 2),
(525, 25, 125, 0, '2024-08-27 10:08:56', NULL, 10, 9, 1, 4, 0, 'team', 3),
(526, 25, 125, 0, '2024-08-27 10:08:56', NULL, 10, 9, 1, 3, 0, 'team', 4),
(527, 25, 125, 0, '2024-08-27 10:08:56', NULL, 10, 9, 1, 3, 0, 'team', 5),
(528, 25, 125, 0, '2024-08-27 10:08:56', NULL, 10, 9, 1, 3, 0, 'team', 6),
(529, 25, 125, 0, '2024-08-27 10:08:56', NULL, 10, 9, 1, 3, 0, 'priv', 7),
(530, 25, 125, 0, '2024-08-27 10:08:56', NULL, 10, 9, 1, 3, 0, 'priv', 8),
(531, 25, 125, 0, '2024-08-27 10:08:56', NULL, 10, 9, 1, 2, 0, 'priv', 9),
(532, 25, 125, 0, '2024-08-27 10:08:56', NULL, 10, 9, 1, 1, 0, 'do', 10),
(533, 27, 130, 1, '2024-08-29 15:00:06', NULL, 19, 18, 1, 1, 0, 'team', 1),
(534, 27, 130, 1, '2024-08-29 15:00:06', NULL, 19, 18, 1, 1, 0, 'team', 2),
(535, 27, 130, 1, '2024-08-29 15:00:06', NULL, 19, 18, 1, 1, 0, 'team', 3),
(536, 27, 130, 1, '2024-08-29 15:00:06', NULL, 19, 18, 1, 1, 0, 'team', 4),
(537, 27, 130, 1, '2024-08-29 15:00:06', NULL, 19, 18, 1, 1, 0, 'team', 5),
(538, 27, 130, 1, '2024-08-29 15:00:06', NULL, 19, 18, 1, 1, 0, 'team', 6),
(539, 27, 130, 1, '2024-08-29 15:00:06', NULL, 19, 18, 1, 1, 0, 'priv', 7),
(540, 27, 130, 1, '2024-08-29 15:00:06', NULL, 19, 18, 1, 1, 0, 'priv', 8),
(541, 27, 130, 1, '2024-08-29 15:00:06', NULL, 19, 18, 1, 1, 0, 'priv', 9),
(542, 27, 130, 1, '2024-08-29 15:00:06', NULL, 19, 18, 1, 1, 0, 'do', 10),
(543, 27, 130, 1, '2024-08-29 15:00:19', NULL, 20, 18, 1, 1, 0, 'team', 1),
(544, 27, 130, 1, '2024-08-29 15:00:19', NULL, 20, 18, 1, 2, 0, 'team', 2),
(545, 27, 130, 1, '2024-08-29 15:00:19', NULL, 20, 18, 1, 3, 0, 'team', 3),
(546, 27, 130, 1, '2024-08-29 15:00:19', NULL, 20, 18, 1, 4, 0, 'team', 4),
(547, 27, 130, 1, '2024-08-29 15:00:19', NULL, 20, 18, 1, 2, 0, 'team', 5),
(548, 27, 130, 1, '2024-08-29 15:00:19', NULL, 20, 18, 1, 5, 0, 'team', 6),
(549, 27, 130, 1, '2024-08-29 15:00:19', NULL, 20, 18, 1, 3, 0, 'priv', 7),
(550, 27, 130, 1, '2024-08-29 15:00:19', NULL, 20, 18, 1, 5, 0, 'priv', 8),
(551, 27, 130, 1, '2024-08-29 15:00:19', NULL, 20, 18, 1, 2, 0, 'priv', 9),
(552, 27, 130, 1, '2024-08-29 15:00:19', NULL, 20, 18, 1, 4, 0, 'do', 10),
(553, 27, 130, 1, '2024-08-29 15:00:34', NULL, 21, 18, 1, 5, 0, 'team', 1),
(554, 27, 130, 1, '2024-08-29 15:00:34', NULL, 21, 18, 1, 5, 0, 'team', 2),
(555, 27, 130, 1, '2024-08-29 15:00:34', NULL, 21, 18, 1, 5, 0, 'team', 3),
(556, 27, 130, 1, '2024-08-29 15:00:34', NULL, 21, 18, 1, 5, 0, 'team', 4),
(557, 27, 130, 1, '2024-08-29 15:00:34', NULL, 21, 18, 1, 5, 0, 'team', 5),
(558, 27, 130, 1, '2024-08-29 15:00:34', NULL, 21, 18, 1, 4, 0, 'team', 6),
(559, 27, 130, 1, '2024-08-29 15:00:34', NULL, 21, 18, 1, 2, 0, 'priv', 7),
(560, 27, 130, 1, '2024-08-29 15:00:34', NULL, 21, 18, 1, 5, 0, 'priv', 8),
(561, 27, 130, 1, '2024-08-29 15:00:34', NULL, 21, 18, 1, 4, 0, 'priv', 9),
(562, 27, 130, 1, '2024-08-29 15:00:34', NULL, 21, 18, 1, 3, 0, 'do', 10),
(563, 27, 130, 0, '2024-08-29 15:04:36', NULL, 19, 18, 1, 4, 0, 'team', 1),
(564, 27, 130, 0, '2024-08-29 15:04:36', NULL, 19, 18, 1, 5, 0, 'team', 2),
(565, 27, 130, 0, '2024-08-29 15:04:36', NULL, 19, 18, 1, 5, 0, 'team', 3),
(566, 27, 130, 0, '2024-08-29 15:04:36', NULL, 19, 18, 1, 5, 0, 'team', 4),
(567, 27, 130, 0, '2024-08-29 15:04:36', NULL, 19, 18, 1, 5, 0, 'team', 5),
(568, 27, 130, 0, '2024-08-29 15:04:36', NULL, 19, 18, 1, 4, 0, 'team', 6),
(569, 27, 130, 0, '2024-08-29 15:04:36', NULL, 19, 18, 1, 5, 0, 'priv', 7),
(570, 27, 130, 0, '2024-08-29 15:04:36', NULL, 19, 18, 1, 4, 0, 'priv', 8),
(571, 27, 130, 0, '2024-08-29 15:04:36', NULL, 19, 18, 1, 5, 0, 'priv', 9),
(572, 27, 130, 0, '2024-08-29 15:04:36', NULL, 19, 18, 1, 4, 0, 'do', 10),
(573, 27, 130, 1, '2024-08-29 15:05:59', NULL, 20, 18, 1, 5, 0, 'team', 1),
(574, 27, 130, 1, '2024-08-29 15:05:59', NULL, 20, 18, 1, 5, 0, 'team', 2),
(575, 27, 130, 1, '2024-08-29 15:05:59', NULL, 20, 18, 1, 5, 0, 'team', 3),
(576, 27, 130, 1, '2024-08-29 15:05:59', NULL, 20, 18, 1, 4, 0, 'team', 4),
(577, 27, 130, 1, '2024-08-29 15:05:59', NULL, 20, 18, 1, 4, 0, 'team', 5),
(578, 27, 130, 1, '2024-08-29 15:05:59', NULL, 20, 18, 1, 3, 0, 'team', 6),
(579, 27, 130, 1, '2024-08-29 15:05:59', NULL, 20, 18, 1, 3, 0, 'priv', 7),
(580, 27, 130, 1, '2024-08-29 15:05:59', NULL, 20, 18, 1, 5, 0, 'priv', 8),
(581, 27, 130, 1, '2024-08-29 15:05:59', NULL, 20, 18, 1, 3, 0, 'priv', 9),
(582, 27, 130, 1, '2024-08-29 15:05:59', NULL, 20, 18, 1, 4, 0, 'do', 10),
(583, 27, 130, 0, '2024-08-29 15:06:08', NULL, 21, 18, 1, 5, 0, 'team', 1),
(584, 27, 130, 0, '2024-08-29 15:06:08', NULL, 21, 18, 1, 5, 0, 'team', 2),
(585, 27, 130, 0, '2024-08-29 15:06:08', NULL, 21, 18, 1, 5, 0, 'team', 3),
(586, 27, 130, 0, '2024-08-29 15:06:08', NULL, 21, 18, 1, 5, 0, 'team', 4),
(587, 27, 130, 0, '2024-08-29 15:06:08', NULL, 21, 18, 1, 5, 0, 'team', 5),
(588, 27, 130, 0, '2024-08-29 15:06:08', NULL, 21, 18, 1, 4, 0, 'team', 6),
(589, 27, 130, 0, '2024-08-29 15:06:08', NULL, 21, 18, 1, 4, 0, 'priv', 7),
(590, 27, 130, 0, '2024-08-29 15:06:08', NULL, 21, 18, 1, 5, 0, 'priv', 8),
(591, 27, 130, 0, '2024-08-29 15:06:08', NULL, 21, 18, 1, 4, 0, 'priv', 9),
(592, 27, 130, 0, '2024-08-29 15:06:08', NULL, 21, 18, 1, 5, 0, 'do', 10),
(593, 27, 130, 1, '2024-08-29 15:06:13', NULL, 20, 18, 1, 5, 0, 'team', 1),
(594, 27, 130, 1, '2024-08-29 15:06:13', NULL, 20, 18, 1, 5, 0, 'team', 2),
(595, 27, 130, 1, '2024-08-29 15:06:13', NULL, 20, 18, 1, 5, 0, 'team', 3),
(596, 27, 130, 1, '2024-08-29 15:06:13', NULL, 20, 18, 1, 4, 0, 'team', 4),
(597, 27, 130, 1, '2024-08-29 15:06:13', NULL, 20, 18, 1, 4, 0, 'team', 5),
(598, 27, 130, 1, '2024-08-29 15:06:13', NULL, 20, 18, 1, 3, 0, 'team', 6),
(599, 27, 130, 1, '2024-08-29 15:06:13', NULL, 20, 18, 1, 3, 0, 'priv', 7),
(600, 27, 130, 1, '2024-08-29 15:06:13', NULL, 20, 18, 1, 5, 0, 'priv', 8),
(601, 27, 130, 1, '2024-08-29 15:06:13', NULL, 20, 18, 1, 3, 0, 'priv', 9),
(602, 27, 130, 1, '2024-08-29 15:06:13', NULL, 20, 18, 1, 4, 0, 'do', 10),
(603, 28, 130, 0, '2024-08-29 15:06:23', NULL, 19, 18, 2, 5, 0, 'team', 11),
(604, 28, 130, 0, '2024-08-29 15:06:23', NULL, 19, 18, 2, 5, 0, 'team', 12),
(605, 28, 130, 0, '2024-08-29 15:06:23', NULL, 19, 18, 2, 4, 0, 'team', 13),
(606, 28, 130, 0, '2024-08-29 15:06:23', NULL, 19, 18, 2, 5, 0, 'team', 14),
(607, 28, 130, 0, '2024-08-29 15:06:23', NULL, 19, 18, 2, 4, 0, 'priv', 15),
(608, 28, 130, 0, '2024-08-29 15:06:23', NULL, 19, 18, 2, 5, 0, 'priv', 16),
(609, 28, 130, 0, '2024-08-29 15:06:23', NULL, 19, 18, 2, 4, 0, 'priv', 17),
(610, 28, 130, 0, '2024-08-29 15:06:23', NULL, 19, 18, 2, 3, 0, 'priv', 18),
(611, 28, 130, 0, '2024-08-29 15:06:23', NULL, 19, 18, 2, 5, 0, 'priv', 19),
(612, 28, 130, 1, '2024-08-29 15:06:34', NULL, 20, 18, 2, 5, 0, 'team', 11),
(613, 28, 130, 1, '2024-08-29 15:06:34', NULL, 20, 18, 2, 4, 0, 'team', 12),
(614, 28, 130, 1, '2024-08-29 15:06:34', NULL, 20, 18, 2, 5, 0, 'team', 13),
(615, 28, 130, 1, '2024-08-29 15:06:34', NULL, 20, 18, 2, 5, 0, 'team', 14),
(616, 28, 130, 1, '2024-08-29 15:06:34', NULL, 20, 18, 2, 5, 0, 'priv', 15),
(617, 28, 130, 1, '2024-08-29 15:06:34', NULL, 20, 18, 2, 5, 0, 'priv', 16),
(618, 28, 130, 1, '2024-08-29 15:06:34', NULL, 20, 18, 2, 5, 0, 'priv', 17),
(619, 28, 130, 1, '2024-08-29 15:06:34', NULL, 20, 18, 2, 3, 0, 'priv', 18),
(620, 28, 130, 1, '2024-08-29 15:06:34', NULL, 20, 18, 2, 5, 0, 'priv', 19),
(621, 28, 130, 0, '2024-08-29 15:06:49', NULL, 21, 18, 2, 5, 0, 'team', 11),
(622, 28, 130, 0, '2024-08-29 15:06:49', NULL, 21, 18, 2, 5, 0, 'team', 12),
(623, 28, 130, 0, '2024-08-29 15:06:49', NULL, 21, 18, 2, 5, 0, 'team', 13),
(624, 28, 130, 0, '2024-08-29 15:06:49', NULL, 21, 18, 2, 4, 0, 'team', 14),
(625, 28, 130, 0, '2024-08-29 15:06:49', NULL, 21, 18, 2, 3, 0, 'priv', 15),
(626, 28, 130, 0, '2024-08-29 15:06:49', NULL, 21, 18, 2, 5, 0, 'priv', 16),
(627, 28, 130, 0, '2024-08-29 15:06:49', NULL, 21, 18, 2, 4, 0, 'priv', 17),
(628, 28, 130, 0, '2024-08-29 15:06:49', NULL, 21, 18, 2, 5, 0, 'priv', 18),
(629, 28, 130, 0, '2024-08-29 15:06:49', NULL, 21, 18, 2, 4, 0, 'priv', 19),
(630, 27, 130, 0, '2024-08-29 15:07:04', NULL, 20, 18, 1, 1, 0, 'team', 1),
(631, 27, 130, 0, '2024-08-29 15:07:04', NULL, 20, 18, 1, 2, 0, 'team', 2),
(632, 27, 130, 0, '2024-08-29 15:07:04', NULL, 20, 18, 1, 3, 0, 'team', 3),
(633, 27, 130, 0, '2024-08-29 15:07:04', NULL, 20, 18, 1, 1, 0, 'team', 4),
(634, 27, 130, 0, '2024-08-29 15:07:04', NULL, 20, 18, 1, 3, 0, 'team', 5),
(635, 27, 130, 0, '2024-08-29 15:07:04', NULL, 20, 18, 1, 1, 0, 'team', 6),
(636, 27, 130, 0, '2024-08-29 15:07:04', NULL, 20, 18, 1, 2, 0, 'priv', 7),
(637, 27, 130, 0, '2024-08-29 15:07:04', NULL, 20, 18, 1, 3, 0, 'priv', 8),
(638, 27, 130, 0, '2024-08-29 15:07:04', NULL, 20, 18, 1, 1, 0, 'priv', 9),
(639, 27, 130, 0, '2024-08-29 15:07:04', NULL, 20, 18, 1, 1, 0, 'do', 10),
(640, 28, 130, 0, '2024-08-29 15:07:17', NULL, 20, 18, 2, 1, 0, 'team', 11),
(641, 28, 130, 0, '2024-08-29 15:07:17', NULL, 20, 18, 2, 1, 0, 'team', 12),
(642, 28, 130, 0, '2024-08-29 15:07:17', NULL, 20, 18, 2, 2, 0, 'team', 13),
(643, 28, 130, 0, '2024-08-29 15:07:17', NULL, 20, 18, 2, 3, 0, 'team', 14),
(644, 28, 130, 0, '2024-08-29 15:07:17', NULL, 20, 18, 2, 2, 0, 'priv', 15),
(645, 28, 130, 0, '2024-08-29 15:07:17', NULL, 20, 18, 2, 1, 0, 'priv', 16),
(646, 28, 130, 0, '2024-08-29 15:07:17', NULL, 20, 18, 2, 3, 0, 'priv', 17),
(647, 28, 130, 0, '2024-08-29 15:07:17', NULL, 20, 18, 2, 2, 0, 'priv', 18),
(648, 28, 130, 0, '2024-08-29 15:07:17', NULL, 20, 18, 2, 1, 0, 'priv', 19),
(649, 29, 130, 0, '2024-08-29 15:08:15', NULL, 20, 18, 3, 1, 0, 'team', 20),
(650, 29, 130, 0, '2024-08-29 15:08:15', NULL, 20, 18, 3, 1, 0, 'team', 21),
(651, 29, 130, 0, '2024-08-29 15:08:15', NULL, 20, 18, 3, 2, 0, 'team', 22),
(652, 29, 130, 0, '2024-08-29 15:08:15', NULL, 20, 18, 3, 1, 0, 'priv', 23),
(653, 29, 130, 0, '2024-08-29 15:08:15', NULL, 20, 18, 3, 3, 0, 'priv', 24),
(654, 29, 130, 0, '2024-08-29 15:08:15', NULL, 20, 18, 3, 1, 0, 'priv', 25),
(655, 29, 130, 0, '2024-08-29 15:08:15', NULL, 20, 18, 3, 1, 0, 'priv', 26),
(656, 29, 130, 0, '2024-08-29 15:08:15', NULL, 20, 18, 3, 2, 0, 'do', 27),
(657, 29, 130, 0, '2024-08-29 15:08:15', NULL, 20, 18, 3, 1, 0, 'do', 28),
(658, 29, 130, 0, '2024-08-29 15:08:35', NULL, 19, 18, 3, 5, 0, 'team', 20),
(659, 29, 130, 0, '2024-08-29 15:08:35', NULL, 19, 18, 3, 5, 0, 'team', 21),
(660, 29, 130, 0, '2024-08-29 15:08:35', NULL, 19, 18, 3, 5, 0, 'team', 22),
(661, 29, 130, 0, '2024-08-29 15:08:35', NULL, 19, 18, 3, 5, 0, 'priv', 23),
(662, 29, 130, 0, '2024-08-29 15:08:35', NULL, 19, 18, 3, 3, 0, 'priv', 24),
(663, 29, 130, 0, '2024-08-29 15:08:35', NULL, 19, 18, 3, 4, 0, 'priv', 25),
(664, 29, 130, 0, '2024-08-29 15:08:35', NULL, 19, 18, 3, 5, 0, 'priv', 26),
(665, 29, 130, 0, '2024-08-29 15:08:35', NULL, 19, 18, 3, 4, 0, 'do', 27),
(666, 29, 130, 0, '2024-08-29 15:08:35', NULL, 19, 18, 3, 5, 0, 'do', 28),
(667, 29, 130, 0, '2024-08-29 15:09:06', NULL, 21, 18, 3, 5, 0, 'team', 20),
(668, 29, 130, 0, '2024-08-29 15:09:06', NULL, 21, 18, 3, 4, 0, 'team', 21),
(669, 29, 130, 0, '2024-08-29 15:09:06', NULL, 21, 18, 3, 5, 0, 'team', 22),
(670, 29, 130, 0, '2024-08-29 15:09:06', NULL, 21, 18, 3, 5, 0, 'priv', 23),
(671, 29, 130, 0, '2024-08-29 15:09:06', NULL, 21, 18, 3, 5, 0, 'priv', 24),
(672, 29, 130, 0, '2024-08-29 15:09:06', NULL, 21, 18, 3, 5, 0, 'priv', 25),
(673, 29, 130, 0, '2024-08-29 15:09:06', NULL, 21, 18, 3, 5, 0, 'priv', 26),
(674, 29, 130, 0, '2024-08-29 15:09:06', NULL, 21, 18, 3, 4, 0, 'do', 27),
(675, 29, 130, 0, '2024-08-29 15:09:06', NULL, 21, 18, 3, 5, 0, 'do', 28),
(676, 27, 130, 0, '2024-08-29 15:12:26', NULL, 21, 19, 1, 3, 0, 'team', 1),
(677, 27, 130, 0, '2024-08-29 15:12:26', NULL, 21, 19, 1, 3, 0, 'team', 2),
(678, 27, 130, 0, '2024-08-29 15:12:26', NULL, 21, 19, 1, 2, 0, 'team', 3),
(679, 27, 130, 0, '2024-08-29 15:12:26', NULL, 21, 19, 1, 4, 0, 'team', 4),
(680, 27, 130, 0, '2024-08-29 15:12:26', NULL, 21, 19, 1, 3, 0, 'team', 5),
(681, 27, 130, 0, '2024-08-29 15:12:26', NULL, 21, 19, 1, 3, 0, 'team', 6),
(682, 27, 130, 0, '2024-08-29 15:12:26', NULL, 21, 19, 1, 4, 0, 'priv', 7);
INSERT INTO `task_eval` (`num`, `task`, `teample`, `isActive`, `createdAt`, `updatedAt`, `user`, `uploader`, `type`, `score`, `scaled_score`, `goal`, `element`) VALUES
(683, 27, 130, 0, '2024-08-29 15:12:26', NULL, 21, 19, 1, 2, 0, 'priv', 8),
(684, 27, 130, 0, '2024-08-29 15:12:26', NULL, 21, 19, 1, 3, 0, 'priv', 9),
(685, 27, 130, 0, '2024-08-29 15:12:26', NULL, 21, 19, 1, 3, 0, 'do', 10),
(686, 27, 130, 1, '2024-08-29 15:12:35', NULL, 18, 19, 1, 3, 0, 'team', 1),
(687, 27, 130, 1, '2024-08-29 15:12:35', NULL, 18, 19, 1, 4, 0, 'team', 2),
(688, 27, 130, 1, '2024-08-29 15:12:35', NULL, 18, 19, 1, 2, 0, 'team', 3),
(689, 27, 130, 1, '2024-08-29 15:12:35', NULL, 18, 19, 1, 3, 0, 'team', 4),
(690, 27, 130, 1, '2024-08-29 15:12:35', NULL, 18, 19, 1, 3, 0, 'team', 5),
(691, 27, 130, 1, '2024-08-29 15:12:35', NULL, 18, 19, 1, 3, 0, 'team', 6),
(692, 27, 130, 1, '2024-08-29 15:12:35', NULL, 18, 19, 1, 3, 0, 'priv', 7),
(693, 27, 130, 1, '2024-08-29 15:12:35', NULL, 18, 19, 1, 3, 0, 'priv', 8),
(694, 27, 130, 1, '2024-08-29 15:12:35', NULL, 18, 19, 1, 3, 0, 'priv', 9),
(695, 27, 130, 1, '2024-08-29 15:12:35', NULL, 18, 19, 1, 3, 0, 'do', 10),
(696, 27, 130, 0, '2024-08-29 15:12:56', NULL, 20, 19, 1, 1, 0, 'team', 1),
(697, 27, 130, 0, '2024-08-29 15:12:56', NULL, 20, 19, 1, 2, 0, 'team', 2),
(698, 27, 130, 0, '2024-08-29 15:12:56', NULL, 20, 19, 1, 3, 0, 'team', 3),
(699, 27, 130, 0, '2024-08-29 15:12:56', NULL, 20, 19, 1, 2, 0, 'team', 4),
(700, 27, 130, 0, '2024-08-29 15:12:56', NULL, 20, 19, 1, 2, 0, 'team', 5),
(701, 27, 130, 0, '2024-08-29 15:12:56', NULL, 20, 19, 1, 3, 0, 'team', 6),
(702, 27, 130, 0, '2024-08-29 15:12:56', NULL, 20, 19, 1, 2, 0, 'priv', 7),
(703, 27, 130, 0, '2024-08-29 15:12:56', NULL, 20, 19, 1, 1, 0, 'priv', 8),
(704, 27, 130, 0, '2024-08-29 15:12:56', NULL, 20, 19, 1, 3, 0, 'priv', 9),
(705, 27, 130, 0, '2024-08-29 15:12:56', NULL, 20, 19, 1, 3, 0, 'do', 10),
(706, 27, 130, 0, '2024-08-29 15:13:05', NULL, 18, 19, 1, 5, 0, 'team', 1),
(707, 27, 130, 0, '2024-08-29 15:13:05', NULL, 18, 19, 1, 5, 0, 'team', 2),
(708, 27, 130, 0, '2024-08-29 15:13:05', NULL, 18, 19, 1, 5, 0, 'team', 3),
(709, 27, 130, 0, '2024-08-29 15:13:05', NULL, 18, 19, 1, 4, 0, 'team', 4),
(710, 27, 130, 0, '2024-08-29 15:13:05', NULL, 18, 19, 1, 4, 0, 'team', 5),
(711, 27, 130, 0, '2024-08-29 15:13:05', NULL, 18, 19, 1, 4, 0, 'team', 6),
(712, 27, 130, 0, '2024-08-29 15:13:05', NULL, 18, 19, 1, 3, 0, 'priv', 7),
(713, 27, 130, 0, '2024-08-29 15:13:05', NULL, 18, 19, 1, 5, 0, 'priv', 8),
(714, 27, 130, 0, '2024-08-29 15:13:05', NULL, 18, 19, 1, 4, 0, 'priv', 9),
(715, 27, 130, 0, '2024-08-29 15:13:05', NULL, 18, 19, 1, 5, 0, 'do', 10),
(716, 28, 130, 1, '2024-08-29 15:13:28', NULL, 18, 19, 2, 3, 0, 'team', 11),
(717, 28, 130, 1, '2024-08-29 15:13:28', NULL, 18, 19, 2, 3, 0, 'team', 12),
(718, 28, 130, 1, '2024-08-29 15:13:28', NULL, 18, 19, 2, 2, 0, 'team', 13),
(719, 28, 130, 1, '2024-08-29 15:13:28', NULL, 18, 19, 2, 4, 0, 'team', 14),
(720, 28, 130, 1, '2024-08-29 15:13:28', NULL, 18, 19, 2, 4, 0, 'priv', 15),
(721, 28, 130, 1, '2024-08-29 15:13:28', NULL, 18, 19, 2, 3, 0, 'priv', 16),
(722, 28, 130, 1, '2024-08-29 15:13:28', NULL, 18, 19, 2, 2, 0, 'priv', 17),
(723, 28, 130, 1, '2024-08-29 15:13:28', NULL, 18, 19, 2, 2, 0, 'priv', 18),
(724, 28, 130, 1, '2024-08-29 15:13:28', NULL, 18, 19, 2, 3, 0, 'priv', 19),
(725, 28, 130, 0, '2024-08-29 15:13:47', NULL, 18, 19, 2, 5, 0, 'team', 11),
(726, 28, 130, 0, '2024-08-29 15:13:47', NULL, 18, 19, 2, 4, 0, 'team', 12),
(727, 28, 130, 0, '2024-08-29 15:13:47', NULL, 18, 19, 2, 4, 0, 'team', 13),
(728, 28, 130, 0, '2024-08-29 15:13:47', NULL, 18, 19, 2, 4, 0, 'team', 14),
(729, 28, 130, 0, '2024-08-29 15:13:47', NULL, 18, 19, 2, 4, 0, 'priv', 15),
(730, 28, 130, 0, '2024-08-29 15:13:47', NULL, 18, 19, 2, 5, 0, 'priv', 16),
(731, 28, 130, 0, '2024-08-29 15:13:47', NULL, 18, 19, 2, 3, 0, 'priv', 17),
(732, 28, 130, 0, '2024-08-29 15:13:47', NULL, 18, 19, 2, 5, 0, 'priv', 18),
(733, 28, 130, 0, '2024-08-29 15:13:47', NULL, 18, 19, 2, 4, 0, 'priv', 19),
(734, 28, 130, 0, '2024-08-29 15:13:57', NULL, 20, 19, 2, 2, 0, 'team', 11),
(735, 28, 130, 0, '2024-08-29 15:13:57', NULL, 20, 19, 2, 3, 0, 'team', 12),
(736, 28, 130, 0, '2024-08-29 15:13:57', NULL, 20, 19, 2, 2, 0, 'team', 13),
(737, 28, 130, 0, '2024-08-29 15:13:57', NULL, 20, 19, 2, 2, 0, 'team', 14),
(738, 28, 130, 0, '2024-08-29 15:13:57', NULL, 20, 19, 2, 1, 0, 'priv', 15),
(739, 28, 130, 0, '2024-08-29 15:13:57', NULL, 20, 19, 2, 4, 0, 'priv', 16),
(740, 28, 130, 0, '2024-08-29 15:13:57', NULL, 20, 19, 2, 2, 0, 'priv', 17),
(741, 28, 130, 0, '2024-08-29 15:13:57', NULL, 20, 19, 2, 2, 0, 'priv', 18),
(742, 28, 130, 0, '2024-08-29 15:13:57', NULL, 20, 19, 2, 3, 0, 'priv', 19),
(743, 28, 130, 0, '2024-08-29 15:14:07', NULL, 21, 19, 2, 3, 0, 'team', 11),
(744, 28, 130, 0, '2024-08-29 15:14:07', NULL, 21, 19, 2, 4, 0, 'team', 12),
(745, 28, 130, 0, '2024-08-29 15:14:07', NULL, 21, 19, 2, 1, 0, 'team', 13),
(746, 28, 130, 0, '2024-08-29 15:14:07', NULL, 21, 19, 2, 2, 0, 'team', 14),
(747, 28, 130, 0, '2024-08-29 15:14:07', NULL, 21, 19, 2, 3, 0, 'priv', 15),
(748, 28, 130, 0, '2024-08-29 15:14:07', NULL, 21, 19, 2, 2, 0, 'priv', 16),
(749, 28, 130, 0, '2024-08-29 15:14:07', NULL, 21, 19, 2, 2, 0, 'priv', 17),
(750, 28, 130, 0, '2024-08-29 15:14:07', NULL, 21, 19, 2, 4, 0, 'priv', 18),
(751, 28, 130, 0, '2024-08-29 15:14:07', NULL, 21, 19, 2, 1, 0, 'priv', 19),
(752, 29, 130, 0, '2024-08-29 15:14:16', NULL, 18, 19, 3, 5, 0, 'team', 20),
(753, 29, 130, 0, '2024-08-29 15:14:16', NULL, 18, 19, 3, 5, 0, 'team', 21),
(754, 29, 130, 0, '2024-08-29 15:14:16', NULL, 18, 19, 3, 4, 0, 'team', 22),
(755, 29, 130, 0, '2024-08-29 15:14:16', NULL, 18, 19, 3, 3, 0, 'priv', 23),
(756, 29, 130, 0, '2024-08-29 15:14:16', NULL, 18, 19, 3, 5, 0, 'priv', 24),
(757, 29, 130, 0, '2024-08-29 15:14:16', NULL, 18, 19, 3, 5, 0, 'priv', 25),
(758, 29, 130, 0, '2024-08-29 15:14:16', NULL, 18, 19, 3, 4, 0, 'priv', 26),
(759, 29, 130, 0, '2024-08-29 15:14:16', NULL, 18, 19, 3, 4, 0, 'do', 27),
(760, 29, 130, 0, '2024-08-29 15:14:16', NULL, 18, 19, 3, 5, 0, 'do', 28),
(761, 29, 130, 0, '2024-08-29 15:14:33', NULL, 20, 19, 3, 3, 0, 'team', 20),
(762, 29, 130, 0, '2024-08-29 15:14:33', NULL, 20, 19, 3, 3, 0, 'team', 21),
(763, 29, 130, 0, '2024-08-29 15:14:33', NULL, 20, 19, 3, 3, 0, 'team', 22),
(764, 29, 130, 0, '2024-08-29 15:14:33', NULL, 20, 19, 3, 3, 0, 'priv', 23),
(765, 29, 130, 0, '2024-08-29 15:14:33', NULL, 20, 19, 3, 3, 0, 'priv', 24),
(766, 29, 130, 0, '2024-08-29 15:14:33', NULL, 20, 19, 3, 3, 0, 'priv', 25),
(767, 29, 130, 0, '2024-08-29 15:14:33', NULL, 20, 19, 3, 3, 0, 'priv', 26),
(768, 29, 130, 0, '2024-08-29 15:14:33', NULL, 20, 19, 3, 3, 0, 'do', 27),
(769, 29, 130, 0, '2024-08-29 15:14:33', NULL, 20, 19, 3, 3, 0, 'do', 28),
(770, 29, 130, 0, '2024-08-29 15:14:43', NULL, 21, 19, 3, 3, 0, 'team', 20),
(771, 29, 130, 0, '2024-08-29 15:14:43', NULL, 21, 19, 3, 2, 0, 'team', 21),
(772, 29, 130, 0, '2024-08-29 15:14:43', NULL, 21, 19, 3, 4, 0, 'team', 22),
(773, 29, 130, 0, '2024-08-29 15:14:43', NULL, 21, 19, 3, 2, 0, 'priv', 23),
(774, 29, 130, 0, '2024-08-29 15:14:43', NULL, 21, 19, 3, 1, 0, 'priv', 24),
(775, 29, 130, 0, '2024-08-29 15:14:43', NULL, 21, 19, 3, 2, 0, 'priv', 25),
(776, 29, 130, 0, '2024-08-29 15:14:43', NULL, 21, 19, 3, 3, 0, 'priv', 26),
(777, 29, 130, 0, '2024-08-29 15:14:43', NULL, 21, 19, 3, 2, 0, 'do', 27),
(778, 29, 130, 0, '2024-08-29 15:14:43', NULL, 21, 19, 3, 2, 0, 'do', 28),
(779, 30, 131, 0, '2024-08-31 17:40:17', NULL, 18, 19, 1, 1, 0, 'team', 1),
(780, 30, 131, 0, '2024-08-31 17:40:17', NULL, 18, 19, 1, 3, 0.5, 'team', 2),
(781, 30, 131, 0, '2024-08-31 17:40:17', NULL, 18, 19, 1, 3, 0.5, 'team', 3),
(782, 30, 131, 0, '2024-08-31 17:40:17', NULL, 18, 19, 1, 3, 0.5, 'team', 4),
(783, 30, 131, 0, '2024-08-31 17:40:17', NULL, 18, 19, 1, 3, 0.5, 'team', 5),
(784, 30, 131, 0, '2024-08-31 17:40:17', NULL, 18, 19, 1, 4, 0.75, 'team', 6),
(785, 30, 131, 0, '2024-08-31 17:40:17', NULL, 18, 19, 1, 3, 0.5, 'priv', 7),
(786, 30, 131, 0, '2024-08-31 17:40:17', NULL, 18, 19, 1, 2, 0.25, 'priv', 8),
(787, 30, 131, 0, '2024-08-31 17:40:17', NULL, 18, 19, 1, 4, 0.75, 'priv', 9),
(788, 30, 131, 0, '2024-08-31 17:40:17', NULL, 18, 19, 1, 3, 0.5, 'do', 10),
(789, 30, 131, 0, '2024-08-31 17:40:31', NULL, 20, 19, 1, 5, 1, 'team', 1),
(790, 30, 131, 0, '2024-08-31 17:40:31', NULL, 20, 19, 1, 5, 1, 'team', 2),
(791, 30, 131, 0, '2024-08-31 17:40:31', NULL, 20, 19, 1, 5, 1, 'team', 3),
(792, 30, 131, 0, '2024-08-31 17:40:31', NULL, 20, 19, 1, 5, 1, 'team', 4),
(793, 30, 131, 0, '2024-08-31 17:40:31', NULL, 20, 19, 1, 5, 1, 'team', 5),
(794, 30, 131, 0, '2024-08-31 17:40:31', NULL, 20, 19, 1, 5, 1, 'team', 6),
(795, 30, 131, 0, '2024-08-31 17:40:31', NULL, 20, 19, 1, 1, 0, 'priv', 7),
(796, 30, 131, 0, '2024-08-31 17:40:31', NULL, 20, 19, 1, 3, 0.5, 'priv', 8),
(797, 30, 131, 0, '2024-08-31 17:40:31', NULL, 20, 19, 1, 2, 0.25, 'priv', 9),
(798, 30, 131, 0, '2024-08-31 17:40:31', NULL, 20, 19, 1, 4, 0.75, 'do', 10),
(799, 32, 133, 0, '2024-09-01 22:44:32', NULL, 18, 20, 1, 5, 5, 'team', 1),
(800, 32, 133, 0, '2024-09-01 22:44:32', NULL, 18, 20, 1, 5, 5, 'team', 2),
(801, 32, 133, 0, '2024-09-01 22:44:32', NULL, 18, 20, 1, 4, 3.33333, 'team', 3),
(802, 32, 133, 0, '2024-09-01 22:44:32', NULL, 18, 20, 1, 3, 1.66667, 'team', 4),
(803, 32, 133, 0, '2024-09-01 22:44:32', NULL, 18, 20, 1, 4, 3.33333, 'team', 5),
(804, 32, 133, 0, '2024-09-01 22:44:32', NULL, 18, 20, 1, 3, 1.66667, 'team', 6),
(805, 32, 133, 0, '2024-09-01 22:44:32', NULL, 18, 20, 1, 5, 5, 'priv', 7),
(806, 32, 133, 0, '2024-09-01 22:44:32', NULL, 18, 20, 1, 3, 1.66667, 'priv', 8),
(807, 32, 133, 0, '2024-09-01 22:44:32', NULL, 18, 20, 1, 3, 1.66667, 'priv', 9),
(808, 32, 133, 0, '2024-09-01 22:44:32', NULL, 18, 20, 1, 5, 5, 'do', 10),
(809, 33, 133, 0, '2024-09-01 22:44:40', NULL, 18, 20, 1, 5, 5, 'team', 1),
(810, 33, 133, 0, '2024-09-01 22:44:40', NULL, 18, 20, 1, 5, 5, 'team', 2),
(811, 33, 133, 0, '2024-09-01 22:44:40', NULL, 18, 20, 1, 2, 0, 'team', 3),
(812, 33, 133, 0, '2024-09-01 22:44:40', NULL, 18, 20, 1, 4, 3.33333, 'team', 4),
(813, 33, 133, 0, '2024-09-01 22:44:40', NULL, 18, 20, 1, 3, 1.66667, 'team', 5),
(814, 33, 133, 0, '2024-09-01 22:44:40', NULL, 18, 20, 1, 3, 1.66667, 'team', 6),
(815, 33, 133, 0, '2024-09-01 22:44:40', NULL, 18, 20, 1, 5, 5, 'priv', 7),
(816, 33, 133, 0, '2024-09-01 22:44:40', NULL, 18, 20, 1, 4, 3.33333, 'priv', 8),
(817, 33, 133, 0, '2024-09-01 22:44:40', NULL, 18, 20, 1, 3, 1.66667, 'priv', 9),
(818, 33, 133, 0, '2024-09-01 22:44:40', NULL, 18, 20, 1, 4, 3.33333, 'do', 10),
(819, 32, 133, 0, '2024-09-01 22:45:02', NULL, 19, 18, 1, 5, 5, 'team', 1),
(820, 32, 133, 0, '2024-09-01 22:45:02', NULL, 19, 18, 1, 4, 3.75, 'team', 2),
(821, 32, 133, 0, '2024-09-01 22:45:02', NULL, 19, 18, 1, 5, 5, 'team', 3),
(822, 32, 133, 0, '2024-09-01 22:45:02', NULL, 19, 18, 1, 4, 3.75, 'team', 4),
(823, 32, 133, 0, '2024-09-01 22:45:02', NULL, 19, 18, 1, 3, 2.5, 'team', 5),
(824, 32, 133, 0, '2024-09-01 22:45:02', NULL, 19, 18, 1, 5, 5, 'team', 6),
(825, 32, 133, 0, '2024-09-01 22:45:02', NULL, 19, 18, 1, 4, 3.75, 'priv', 7),
(826, 32, 133, 0, '2024-09-01 22:45:02', NULL, 19, 18, 1, 3, 2.5, 'priv', 8),
(827, 32, 133, 0, '2024-09-01 22:45:02', NULL, 19, 18, 1, 5, 5, 'priv', 9),
(828, 32, 133, 0, '2024-09-01 22:45:02', NULL, 19, 18, 1, 4, 3.75, 'do', 10),
(829, 32, 133, 0, '2024-09-01 22:45:12', NULL, 20, 18, 1, 1, 0, 'team', 1),
(830, 32, 133, 0, '2024-09-01 22:45:12', NULL, 20, 18, 1, 2, 1.25, 'team', 2),
(831, 32, 133, 0, '2024-09-01 22:45:12', NULL, 20, 18, 1, 2, 1.25, 'team', 3),
(832, 32, 133, 0, '2024-09-01 22:45:12', NULL, 20, 18, 1, 3, 2.5, 'team', 4),
(833, 32, 133, 0, '2024-09-01 22:45:12', NULL, 20, 18, 1, 1, 0, 'team', 5),
(834, 32, 133, 0, '2024-09-01 22:45:12', NULL, 20, 18, 1, 2, 1.25, 'team', 6),
(835, 32, 133, 0, '2024-09-01 22:45:12', NULL, 20, 18, 1, 3, 2.5, 'priv', 7),
(836, 32, 133, 0, '2024-09-01 22:45:12', NULL, 20, 18, 1, 1, 0, 'priv', 8),
(837, 32, 133, 0, '2024-09-01 22:45:12', NULL, 20, 18, 1, 1, 0, 'priv', 9),
(838, 32, 133, 0, '2024-09-01 22:45:12', NULL, 20, 18, 1, 3, 2.5, 'do', 10),
(839, 33, 133, 0, '2024-09-01 22:45:21', NULL, 20, 18, 1, 1, 0, 'team', 1),
(840, 33, 133, 0, '2024-09-01 22:45:21', NULL, 20, 18, 1, 2, 1.25, 'team', 2),
(841, 33, 133, 0, '2024-09-01 22:45:21', NULL, 20, 18, 1, 3, 2.5, 'team', 3),
(842, 33, 133, 0, '2024-09-01 22:45:21', NULL, 20, 18, 1, 2, 1.25, 'team', 4),
(843, 33, 133, 0, '2024-09-01 22:45:21', NULL, 20, 18, 1, 1, 0, 'team', 5),
(844, 33, 133, 0, '2024-09-01 22:45:21', NULL, 20, 18, 1, 3, 2.5, 'team', 6),
(845, 33, 133, 0, '2024-09-01 22:45:21', NULL, 20, 18, 1, 2, 1.25, 'priv', 7),
(846, 33, 133, 0, '2024-09-01 22:45:21', NULL, 20, 18, 1, 2, 1.25, 'priv', 8),
(847, 33, 133, 0, '2024-09-01 22:45:21', NULL, 20, 18, 1, 3, 2.5, 'priv', 9),
(848, 33, 133, 0, '2024-09-01 22:45:21', NULL, 20, 18, 1, 1, 0, 'do', 10),
(849, 33, 133, 0, '2024-09-01 22:45:30', NULL, 19, 18, 1, 5, 5, 'team', 1),
(850, 33, 133, 0, '2024-09-01 22:45:30', NULL, 19, 18, 1, 4, 3.75, 'team', 2),
(851, 33, 133, 0, '2024-09-01 22:45:30', NULL, 19, 18, 1, 5, 5, 'team', 3),
(852, 33, 133, 0, '2024-09-01 22:45:30', NULL, 19, 18, 1, 3, 2.5, 'team', 4),
(853, 33, 133, 0, '2024-09-01 22:45:30', NULL, 19, 18, 1, 5, 5, 'team', 5),
(854, 33, 133, 0, '2024-09-01 22:45:30', NULL, 19, 18, 1, 4, 3.75, 'team', 6),
(855, 33, 133, 0, '2024-09-01 22:45:30', NULL, 19, 18, 1, 5, 5, 'priv', 7),
(856, 33, 133, 0, '2024-09-01 22:45:30', NULL, 19, 18, 1, 4, 3.75, 'priv', 8),
(857, 33, 133, 0, '2024-09-01 22:45:30', NULL, 19, 18, 1, 4, 3.75, 'priv', 9),
(858, 33, 133, 0, '2024-09-01 22:45:30', NULL, 19, 18, 1, 5, 5, 'do', 10),
(859, 32, 133, 0, '2024-09-01 22:45:55', NULL, 19, 20, 1, 2, 0, 'team', 1),
(860, 32, 133, 0, '2024-09-01 22:45:55', NULL, 19, 20, 1, 3, 1.66667, 'team', 2),
(861, 32, 133, 0, '2024-09-01 22:45:55', NULL, 19, 20, 1, 3, 1.66667, 'team', 3),
(862, 32, 133, 0, '2024-09-01 22:45:55', NULL, 19, 20, 1, 2, 0, 'team', 4),
(863, 32, 133, 0, '2024-09-01 22:45:55', NULL, 19, 20, 1, 4, 3.33333, 'team', 5),
(864, 32, 133, 0, '2024-09-01 22:45:55', NULL, 19, 20, 1, 3, 1.66667, 'team', 6),
(865, 32, 133, 0, '2024-09-01 22:45:55', NULL, 19, 20, 1, 4, 3.33333, 'priv', 7),
(866, 32, 133, 0, '2024-09-01 22:45:55', NULL, 19, 20, 1, 3, 1.66667, 'priv', 8),
(867, 32, 133, 0, '2024-09-01 22:45:55', NULL, 19, 20, 1, 2, 0, 'priv', 9),
(868, 32, 133, 0, '2024-09-01 22:45:55', NULL, 19, 20, 1, 4, 3.33333, 'do', 10),
(869, 33, 133, 0, '2024-09-01 22:46:03', NULL, 19, 20, 1, 5, 5, 'team', 1),
(870, 33, 133, 0, '2024-09-01 22:46:03', NULL, 19, 20, 1, 4, 3.33333, 'team', 2),
(871, 33, 133, 0, '2024-09-01 22:46:03', NULL, 19, 20, 1, 3, 1.66667, 'team', 3),
(872, 33, 133, 0, '2024-09-01 22:46:03', NULL, 19, 20, 1, 3, 1.66667, 'team', 4),
(873, 33, 133, 0, '2024-09-01 22:46:03', NULL, 19, 20, 1, 3, 1.66667, 'team', 5),
(874, 33, 133, 0, '2024-09-01 22:46:03', NULL, 19, 20, 1, 5, 5, 'team', 6),
(875, 33, 133, 0, '2024-09-01 22:46:03', NULL, 19, 20, 1, 3, 1.66667, 'priv', 7),
(876, 33, 133, 0, '2024-09-01 22:46:03', NULL, 19, 20, 1, 4, 3.33333, 'priv', 8),
(877, 33, 133, 0, '2024-09-01 22:46:03', NULL, 19, 20, 1, 3, 1.66667, 'priv', 9),
(878, 33, 133, 0, '2024-09-01 22:46:03', NULL, 19, 20, 1, 5, 5, 'do', 10),
(879, 34, 134, 0, '2024-09-01 22:50:04', NULL, 18, 19, 2, 5, 5, 'team', 11),
(880, 34, 134, 0, '2024-09-01 22:50:04', NULL, 18, 19, 2, 4, 0, 'team', 12),
(881, 34, 134, 0, '2024-09-01 22:50:04', NULL, 18, 19, 2, 5, 5, 'team', 13),
(882, 34, 134, 0, '2024-09-01 22:50:04', NULL, 18, 19, 2, 4, 0, 'team', 14),
(883, 34, 134, 0, '2024-09-01 22:50:04', NULL, 18, 19, 2, 5, 5, 'priv', 15),
(884, 34, 134, 0, '2024-09-01 22:50:04', NULL, 18, 19, 2, 4, 0, 'priv', 16),
(885, 34, 134, 0, '2024-09-01 22:50:04', NULL, 18, 19, 2, 5, 5, 'priv', 17),
(886, 34, 134, 0, '2024-09-01 22:50:04', NULL, 18, 19, 2, 4, 0, 'priv', 18),
(887, 34, 134, 0, '2024-09-01 22:50:04', NULL, 18, 19, 2, 4, 0, 'priv', 19),
(888, 35, 134, 0, '2024-09-01 22:50:12', NULL, 18, 19, 2, 5, 5, 'team', 11),
(889, 35, 134, 0, '2024-09-01 22:50:12', NULL, 18, 19, 2, 4, 2.5, 'team', 12),
(890, 35, 134, 0, '2024-09-01 22:50:12', NULL, 18, 19, 2, 5, 5, 'team', 13),
(891, 35, 134, 0, '2024-09-01 22:50:12', NULL, 18, 19, 2, 4, 2.5, 'team', 14),
(892, 35, 134, 0, '2024-09-01 22:50:12', NULL, 18, 19, 2, 4, 2.5, 'priv', 15),
(893, 35, 134, 0, '2024-09-01 22:50:12', NULL, 18, 19, 2, 4, 2.5, 'priv', 16),
(894, 35, 134, 0, '2024-09-01 22:50:12', NULL, 18, 19, 2, 3, 0, 'priv', 17),
(895, 35, 134, 0, '2024-09-01 22:50:12', NULL, 18, 19, 2, 5, 5, 'priv', 18),
(896, 35, 134, 0, '2024-09-01 22:50:12', NULL, 18, 19, 2, 3, 0, 'priv', 19),
(897, 34, 134, 0, '2024-09-01 22:50:28', NULL, 19, 18, 2, 1, 0, 'team', 11),
(898, 34, 134, 0, '2024-09-01 22:50:28', NULL, 19, 18, 2, 2, 2.5, 'team', 12),
(899, 34, 134, 0, '2024-09-01 22:50:28', NULL, 19, 18, 2, 3, 5, 'team', 13),
(900, 34, 134, 0, '2024-09-01 22:50:28', NULL, 19, 18, 2, 2, 2.5, 'team', 14),
(901, 34, 134, 0, '2024-09-01 22:50:28', NULL, 19, 18, 2, 1, 0, 'priv', 15),
(902, 34, 134, 0, '2024-09-01 22:50:28', NULL, 19, 18, 2, 3, 5, 'priv', 16),
(903, 34, 134, 0, '2024-09-01 22:50:28', NULL, 19, 18, 2, 2, 2.5, 'priv', 17),
(904, 34, 134, 0, '2024-09-01 22:50:28', NULL, 19, 18, 2, 2, 2.5, 'priv', 18),
(905, 34, 134, 0, '2024-09-01 22:50:28', NULL, 19, 18, 2, 3, 5, 'priv', 19),
(906, 35, 134, 0, '2024-09-01 22:50:36', NULL, 19, 18, 2, 2, 2.5, 'team', 11),
(907, 35, 134, 0, '2024-09-01 22:50:36', NULL, 19, 18, 2, 1, 0, 'team', 12),
(908, 35, 134, 0, '2024-09-01 22:50:36', NULL, 19, 18, 2, 2, 2.5, 'team', 13),
(909, 35, 134, 0, '2024-09-01 22:50:36', NULL, 19, 18, 2, 3, 5, 'team', 14),
(910, 35, 134, 0, '2024-09-01 22:50:36', NULL, 19, 18, 2, 1, 0, 'priv', 15),
(911, 35, 134, 0, '2024-09-01 22:50:36', NULL, 19, 18, 2, 2, 2.5, 'priv', 16),
(912, 35, 134, 0, '2024-09-01 22:50:36', NULL, 19, 18, 2, 2, 2.5, 'priv', 17),
(913, 35, 134, 0, '2024-09-01 22:50:36', NULL, 19, 18, 2, 3, 5, 'priv', 18),
(914, 35, 134, 0, '2024-09-01 22:50:36', NULL, 19, 18, 2, 1, 0, 'priv', 19),
(915, 36, 135, 0, '2024-09-01 23:01:19', NULL, 19, 18, 2, 3, 3, 'team', 11),
(916, 36, 135, 0, '2024-09-01 23:01:19', NULL, 19, 18, 2, 3, 3, 'team', 12),
(917, 36, 135, 0, '2024-09-01 23:01:19', NULL, 19, 18, 2, 3, 3, 'team', 13),
(918, 36, 135, 0, '2024-09-01 23:01:19', NULL, 19, 18, 2, 3, 3, 'team', 14),
(919, 36, 135, 0, '2024-09-01 23:01:19', NULL, 19, 18, 2, 3, 3, 'priv', 15),
(920, 36, 135, 0, '2024-09-01 23:01:19', NULL, 19, 18, 2, 3, 3, 'priv', 16),
(921, 36, 135, 0, '2024-09-01 23:01:19', NULL, 19, 18, 2, 3, 3, 'priv', 17),
(922, 36, 135, 0, '2024-09-01 23:01:19', NULL, 19, 18, 2, 3, 3, 'priv', 18),
(923, 36, 135, 0, '2024-09-01 23:01:19', NULL, 19, 18, 2, 3, 3, 'priv', 19),
(924, 36, 135, 0, '2024-09-01 23:01:29', NULL, 21, 18, 2, 3, 3, 'team', 11),
(925, 36, 135, 0, '2024-09-01 23:01:29', NULL, 21, 18, 2, 3, 3, 'team', 12),
(926, 36, 135, 0, '2024-09-01 23:01:29', NULL, 21, 18, 2, 3, 3, 'team', 13),
(927, 36, 135, 0, '2024-09-01 23:01:29', NULL, 21, 18, 2, 3, 3, 'team', 14),
(928, 36, 135, 0, '2024-09-01 23:01:29', NULL, 21, 18, 2, 3, 3, 'priv', 15),
(929, 36, 135, 0, '2024-09-01 23:01:29', NULL, 21, 18, 2, 3, 3, 'priv', 16),
(930, 36, 135, 0, '2024-09-01 23:01:29', NULL, 21, 18, 2, 3, 3, 'priv', 17),
(931, 36, 135, 0, '2024-09-01 23:01:29', NULL, 21, 18, 2, 3, 3, 'priv', 18),
(932, 36, 135, 0, '2024-09-01 23:01:29', NULL, 21, 18, 2, 3, 3, 'priv', 19),
(933, 37, 135, 0, '2024-09-01 23:01:38', NULL, 19, 18, 1, 5, 5, 'team', 1),
(934, 37, 135, 0, '2024-09-01 23:01:38', NULL, 19, 18, 1, 4, 3.75, 'team', 2),
(935, 37, 135, 0, '2024-09-01 23:01:38', NULL, 19, 18, 1, 5, 5, 'team', 3),
(936, 37, 135, 0, '2024-09-01 23:01:38', NULL, 19, 18, 1, 5, 5, 'team', 4),
(937, 37, 135, 0, '2024-09-01 23:01:38', NULL, 19, 18, 1, 5, 5, 'team', 5),
(938, 37, 135, 0, '2024-09-01 23:01:38', NULL, 19, 18, 1, 3, 2.5, 'team', 6),
(939, 37, 135, 0, '2024-09-01 23:01:38', NULL, 19, 18, 1, 5, 5, 'priv', 7),
(940, 37, 135, 0, '2024-09-01 23:01:38', NULL, 19, 18, 1, 4, 3.75, 'priv', 8),
(941, 37, 135, 0, '2024-09-01 23:01:38', NULL, 19, 18, 1, 4, 3.75, 'priv', 9),
(942, 37, 135, 0, '2024-09-01 23:01:38', NULL, 19, 18, 1, 5, 5, 'do', 10),
(943, 37, 135, 0, '2024-09-01 23:01:50', NULL, 21, 18, 1, 2, 1.25, 'team', 1),
(944, 37, 135, 0, '2024-09-01 23:01:50', NULL, 21, 18, 1, 3, 2.5, 'team', 2),
(945, 37, 135, 0, '2024-09-01 23:01:50', NULL, 21, 18, 1, 2, 1.25, 'team', 3),
(946, 37, 135, 0, '2024-09-01 23:01:50', NULL, 21, 18, 1, 1, 0, 'team', 4),
(947, 37, 135, 0, '2024-09-01 23:01:50', NULL, 21, 18, 1, 3, 2.5, 'team', 5),
(948, 37, 135, 0, '2024-09-01 23:01:50', NULL, 21, 18, 1, 2, 1.25, 'team', 6),
(949, 37, 135, 0, '2024-09-01 23:01:50', NULL, 21, 18, 1, 3, 2.5, 'priv', 7),
(950, 37, 135, 0, '2024-09-01 23:01:50', NULL, 21, 18, 1, 2, 1.25, 'priv', 8),
(951, 37, 135, 0, '2024-09-01 23:01:50', NULL, 21, 18, 1, 2, 1.25, 'priv', 9),
(952, 37, 135, 0, '2024-09-01 23:01:50', NULL, 21, 18, 1, 4, 3.75, 'do', 10),
(953, 38, 135, 0, '2024-09-01 23:02:05', NULL, 21, 18, 4, 3, 5, 'team', 29),
(954, 38, 135, 0, '2024-09-01 23:02:05', NULL, 21, 18, 4, 2, 2.5, 'team', 30),
(955, 38, 135, 0, '2024-09-01 23:02:05', NULL, 21, 18, 4, 3, 5, 'team', 31),
(956, 38, 135, 0, '2024-09-01 23:02:05', NULL, 21, 18, 4, 2, 2.5, 'priv', 32),
(957, 38, 135, 0, '2024-09-01 23:02:05', NULL, 21, 18, 4, 3, 5, 'priv', 33),
(958, 38, 135, 0, '2024-09-01 23:02:05', NULL, 21, 18, 4, 2, 2.5, 'priv', 34),
(959, 38, 135, 0, '2024-09-01 23:02:05', NULL, 21, 18, 4, 3, 5, 'priv', 35),
(960, 38, 135, 0, '2024-09-01 23:02:05', NULL, 21, 18, 4, 1, 0, 'priv', 36),
(961, 38, 135, 0, '2024-09-01 23:02:05', NULL, 21, 18, 4, 2, 2.5, 'do', 37),
(962, 38, 135, 0, '2024-09-01 23:02:05', NULL, 21, 18, 4, 1, 0, 'do', 38),
(963, 36, 135, 0, '2024-09-01 23:02:28', NULL, 18, 19, 2, 5, 5, 'team', 11),
(964, 36, 135, 0, '2024-09-01 23:02:28', NULL, 18, 19, 2, 4, 3.75, 'team', 12),
(965, 36, 135, 0, '2024-09-01 23:02:28', NULL, 18, 19, 2, 3, 2.5, 'team', 13),
(966, 36, 135, 0, '2024-09-01 23:02:28', NULL, 18, 19, 2, 4, 3.75, 'team', 14),
(967, 36, 135, 0, '2024-09-01 23:02:28', NULL, 18, 19, 2, 4, 3.75, 'priv', 15),
(968, 36, 135, 0, '2024-09-01 23:02:28', NULL, 18, 19, 2, 3, 2.5, 'priv', 16),
(969, 36, 135, 0, '2024-09-01 23:02:28', NULL, 18, 19, 2, 5, 5, 'priv', 17),
(970, 36, 135, 0, '2024-09-01 23:02:28', NULL, 18, 19, 2, 4, 3.75, 'priv', 18),
(971, 36, 135, 0, '2024-09-01 23:02:28', NULL, 18, 19, 2, 5, 5, 'priv', 19),
(972, 36, 135, 0, '2024-09-01 23:02:36', NULL, 21, 19, 2, 2, 1.25, 'team', 11),
(973, 36, 135, 0, '2024-09-01 23:02:36', NULL, 21, 19, 2, 2, 1.25, 'team', 12),
(974, 36, 135, 0, '2024-09-01 23:02:36', NULL, 21, 19, 2, 2, 1.25, 'team', 13),
(975, 36, 135, 0, '2024-09-01 23:02:36', NULL, 21, 19, 2, 1, 0, 'team', 14),
(976, 36, 135, 0, '2024-09-01 23:02:36', NULL, 21, 19, 2, 3, 2.5, 'priv', 15),
(977, 36, 135, 0, '2024-09-01 23:02:36', NULL, 21, 19, 2, 2, 1.25, 'priv', 16),
(978, 36, 135, 0, '2024-09-01 23:02:36', NULL, 21, 19, 2, 3, 2.5, 'priv', 17),
(979, 36, 135, 0, '2024-09-01 23:02:36', NULL, 21, 19, 2, 2, 1.25, 'priv', 18),
(980, 36, 135, 0, '2024-09-01 23:02:36', NULL, 21, 19, 2, 1, 0, 'priv', 19),
(981, 37, 135, 0, '2024-09-01 23:02:44', NULL, 18, 19, 1, 5, 5, 'team', 1),
(982, 37, 135, 0, '2024-09-01 23:02:44', NULL, 18, 19, 1, 4, 3.75, 'team', 2),
(983, 37, 135, 0, '2024-09-01 23:02:44', NULL, 18, 19, 1, 4, 3.75, 'team', 3),
(984, 37, 135, 0, '2024-09-01 23:02:44', NULL, 18, 19, 1, 4, 3.75, 'team', 4),
(985, 37, 135, 0, '2024-09-01 23:02:44', NULL, 18, 19, 1, 5, 5, 'team', 5),
(986, 37, 135, 0, '2024-09-01 23:02:44', NULL, 18, 19, 1, 3, 2.5, 'team', 6),
(987, 37, 135, 0, '2024-09-01 23:02:44', NULL, 18, 19, 1, 5, 5, 'priv', 7),
(988, 37, 135, 0, '2024-09-01 23:02:44', NULL, 18, 19, 1, 4, 3.75, 'priv', 8),
(989, 37, 135, 0, '2024-09-01 23:02:44', NULL, 18, 19, 1, 3, 2.5, 'priv', 9),
(990, 37, 135, 0, '2024-09-01 23:02:44', NULL, 18, 19, 1, 5, 5, 'do', 10),
(991, 37, 135, 0, '2024-09-01 23:02:53', NULL, 21, 19, 1, 1, 0, 'team', 1),
(992, 37, 135, 0, '2024-09-01 23:02:53', NULL, 21, 19, 1, 3, 2.5, 'team', 2),
(993, 37, 135, 0, '2024-09-01 23:02:53', NULL, 21, 19, 1, 2, 1.25, 'team', 3),
(994, 37, 135, 0, '2024-09-01 23:02:53', NULL, 21, 19, 1, 3, 2.5, 'team', 4),
(995, 37, 135, 0, '2024-09-01 23:02:53', NULL, 21, 19, 1, 2, 1.25, 'team', 5),
(996, 37, 135, 0, '2024-09-01 23:02:53', NULL, 21, 19, 1, 2, 1.25, 'team', 6),
(997, 37, 135, 0, '2024-09-01 23:02:53', NULL, 21, 19, 1, 3, 2.5, 'priv', 7),
(998, 37, 135, 0, '2024-09-01 23:02:53', NULL, 21, 19, 1, 2, 1.25, 'priv', 8),
(999, 37, 135, 0, '2024-09-01 23:02:53', NULL, 21, 19, 1, 3, 2.5, 'priv', 9),
(1000, 37, 135, 0, '2024-09-01 23:02:53', NULL, 21, 19, 1, 2, 1.25, 'do', 10),
(1001, 38, 135, 0, '2024-09-01 23:03:04', NULL, 18, 19, 4, 5, 5, 'team', 29),
(1002, 38, 135, 0, '2024-09-01 23:03:04', NULL, 18, 19, 4, 4, 3.75, 'team', 30),
(1003, 38, 135, 0, '2024-09-01 23:03:04', NULL, 18, 19, 4, 3, 2.5, 'team', 31),
(1004, 38, 135, 0, '2024-09-01 23:03:04', NULL, 18, 19, 4, 4, 3.75, 'priv', 32),
(1005, 38, 135, 0, '2024-09-01 23:03:04', NULL, 18, 19, 4, 3, 2.5, 'priv', 33),
(1006, 38, 135, 0, '2024-09-01 23:03:04', NULL, 18, 19, 4, 5, 5, 'priv', 34),
(1007, 38, 135, 0, '2024-09-01 23:03:04', NULL, 18, 19, 4, 4, 3.75, 'priv', 35),
(1008, 38, 135, 0, '2024-09-01 23:03:04', NULL, 18, 19, 4, 3, 2.5, 'priv', 36),
(1009, 38, 135, 0, '2024-09-01 23:03:04', NULL, 18, 19, 4, 5, 5, 'do', 37),
(1010, 38, 135, 0, '2024-09-01 23:03:04', NULL, 18, 19, 4, 4, 3.75, 'do', 38),
(1011, 38, 135, 0, '2024-09-01 23:03:13', NULL, 21, 19, 4, 2, 1.25, 'team', 29),
(1012, 38, 135, 0, '2024-09-01 23:03:13', NULL, 21, 19, 4, 2, 1.25, 'team', 30),
(1013, 38, 135, 0, '2024-09-01 23:03:13', NULL, 21, 19, 4, 1, 0, 'team', 31),
(1014, 38, 135, 0, '2024-09-01 23:03:13', NULL, 21, 19, 4, 1, 0, 'priv', 32),
(1015, 38, 135, 0, '2024-09-01 23:03:13', NULL, 21, 19, 4, 2, 1.25, 'priv', 33),
(1016, 38, 135, 0, '2024-09-01 23:03:13', NULL, 21, 19, 4, 1, 0, 'priv', 34),
(1017, 38, 135, 0, '2024-09-01 23:03:13', NULL, 21, 19, 4, 3, 2.5, 'priv', 35),
(1018, 38, 135, 0, '2024-09-01 23:03:13', NULL, 21, 19, 4, 2, 1.25, 'priv', 36),
(1019, 38, 135, 0, '2024-09-01 23:03:13', NULL, 21, 19, 4, 2, 1.25, 'do', 37),
(1020, 38, 135, 0, '2024-09-01 23:03:13', NULL, 21, 19, 4, 3, 2.5, 'do', 38),
(1021, 39, 136, 0, '2024-09-01 23:09:36', NULL, 18, 19, 4, 3, 3, 'team', 29),
(1022, 39, 136, 0, '2024-09-01 23:09:36', NULL, 18, 19, 4, 3, 3, 'team', 30),
(1023, 39, 136, 0, '2024-09-01 23:09:36', NULL, 18, 19, 4, 3, 3, 'team', 31),
(1024, 39, 136, 0, '2024-09-01 23:09:36', NULL, 18, 19, 4, 3, 3, 'priv', 32),
(1025, 39, 136, 0, '2024-09-01 23:09:36', NULL, 18, 19, 4, 3, 3, 'priv', 33),
(1026, 39, 136, 0, '2024-09-01 23:09:36', NULL, 18, 19, 4, 3, 3, 'priv', 34),
(1027, 39, 136, 0, '2024-09-01 23:09:36', NULL, 18, 19, 4, 3, 3, 'priv', 35),
(1028, 39, 136, 0, '2024-09-01 23:09:36', NULL, 18, 19, 4, 3, 3, 'priv', 36),
(1029, 39, 136, 0, '2024-09-01 23:09:36', NULL, 18, 19, 4, 3, 3, 'do', 37),
(1030, 39, 136, 0, '2024-09-01 23:09:36', NULL, 18, 19, 4, 3, 3, 'do', 38),
(1031, 39, 136, 0, '2024-09-01 23:09:43', NULL, 20, 19, 4, 3, 3, 'team', 29),
(1032, 39, 136, 0, '2024-09-01 23:09:43', NULL, 20, 19, 4, 3, 3, 'team', 30),
(1033, 39, 136, 0, '2024-09-01 23:09:43', NULL, 20, 19, 4, 3, 3, 'team', 31),
(1034, 39, 136, 0, '2024-09-01 23:09:43', NULL, 20, 19, 4, 3, 3, 'priv', 32),
(1035, 39, 136, 0, '2024-09-01 23:09:43', NULL, 20, 19, 4, 3, 3, 'priv', 33),
(1036, 39, 136, 0, '2024-09-01 23:09:43', NULL, 20, 19, 4, 3, 3, 'priv', 34),
(1037, 39, 136, 0, '2024-09-01 23:09:43', NULL, 20, 19, 4, 3, 3, 'priv', 35),
(1038, 39, 136, 0, '2024-09-01 23:09:43', NULL, 20, 19, 4, 3, 3, 'priv', 36),
(1039, 39, 136, 0, '2024-09-01 23:09:43', NULL, 20, 19, 4, 3, 3, 'do', 37),
(1040, 39, 136, 0, '2024-09-01 23:09:43', NULL, 20, 19, 4, 3, 3, 'do', 38),
(1041, 40, 136, 0, '2024-09-01 23:09:51', NULL, 18, 19, 3, 5, 5, 'team', 20),
(1042, 40, 136, 0, '2024-09-01 23:09:51', NULL, 18, 19, 3, 5, 1, 'team', 21),
(1043, 40, 136, 0, '2024-09-01 23:09:51', NULL, 18, 19, 3, 4, 5, 'team', 22),
(1044, 40, 136, 0, '2024-09-01 23:09:51', NULL, 18, 19, 3, 4, 1, 'priv', 23),
(1045, 40, 136, 0, '2024-09-01 23:09:51', NULL, 18, 19, 3, 5, 3.75, 'priv', 24),
(1046, 40, 136, 0, '2024-09-01 23:09:51', NULL, 18, 19, 3, 4, 1, 'priv', 25),
(1047, 40, 136, 0, '2024-09-01 23:09:51', NULL, 18, 19, 3, 5, 3.75, 'priv', 26),
(1048, 40, 136, 0, '2024-09-01 23:09:51', NULL, 18, 19, 3, 4, 1, 'do', 27),
(1049, 40, 136, 0, '2024-09-01 23:09:51', NULL, 18, 19, 3, 5, 5, 'do', 28),
(1050, 40, 136, 0, '2024-09-01 23:09:59', NULL, 20, 19, 3, 1, 1, 'team', 20),
(1051, 40, 136, 0, '2024-09-01 23:09:59', NULL, 20, 19, 3, 2, 3.75, 'team', 21),
(1052, 40, 136, 0, '2024-09-01 23:09:59', NULL, 20, 19, 3, 1, 1, 'team', 22),
(1053, 40, 136, 0, '2024-09-01 23:09:59', NULL, 20, 19, 3, 2, 5, 'priv', 23),
(1054, 40, 136, 0, '2024-09-01 23:09:59', NULL, 20, 19, 3, 3, 1, 'priv', 24),
(1055, 40, 136, 0, '2024-09-01 23:09:59', NULL, 20, 19, 3, 1, 3.75, 'priv', 25),
(1056, 40, 136, 0, '2024-09-01 23:09:59', NULL, 20, 19, 3, 2, 1, 'priv', 26),
(1057, 40, 136, 0, '2024-09-01 23:09:59', NULL, 20, 19, 3, 1, 5, 'do', 27),
(1058, 40, 136, 0, '2024-09-01 23:09:59', NULL, 20, 19, 3, 1, 1, 'do', 28),
(1059, 39, 136, 0, '2024-09-01 23:10:23', NULL, 20, 18, 4, 5, 5, 'team', 29),
(1060, 39, 136, 0, '2024-09-01 23:10:23', NULL, 20, 18, 4, 5, 1, 'team', 30),
(1061, 39, 136, 0, '2024-09-01 23:10:23', NULL, 20, 18, 4, 5, 5, 'team', 31),
(1062, 39, 136, 0, '2024-09-01 23:10:23', NULL, 20, 18, 4, 4, 1, 'priv', 32),
(1063, 39, 136, 0, '2024-09-01 23:10:23', NULL, 20, 18, 4, 2, 5, 'priv', 33),
(1064, 39, 136, 0, '2024-09-01 23:10:23', NULL, 20, 18, 4, 4, 1, 'priv', 34),
(1065, 39, 136, 0, '2024-09-01 23:10:23', NULL, 20, 18, 4, 3, 3.75, 'priv', 35),
(1066, 39, 136, 0, '2024-09-01 23:10:23', NULL, 20, 18, 4, 4, 1, 'priv', 36),
(1067, 39, 136, 0, '2024-09-01 23:10:23', NULL, 20, 18, 4, 3, 1.25, 'do', 37),
(1068, 39, 136, 0, '2024-09-01 23:10:23', NULL, 20, 18, 4, 1, 1, 'do', 38),
(1069, 39, 136, 0, '2024-09-01 23:10:31', NULL, 19, 18, 4, 1, 3.75, 'team', 29),
(1070, 39, 136, 0, '2024-09-01 23:10:31', NULL, 19, 18, 4, 3, 1, 'team', 30),
(1071, 39, 136, 0, '2024-09-01 23:10:31', NULL, 19, 18, 4, 1, 2.5, 'team', 31),
(1072, 39, 136, 0, '2024-09-01 23:10:31', NULL, 19, 18, 4, 2, 1, 'priv', 32),
(1073, 39, 136, 0, '2024-09-01 23:10:31', NULL, 19, 18, 4, 3, 3.75, 'priv', 33),
(1074, 39, 136, 0, '2024-09-01 23:10:31', NULL, 19, 18, 4, 1, 1, 'priv', 34),
(1075, 39, 136, 0, '2024-09-01 23:10:31', NULL, 19, 18, 4, 2, 2.5, 'priv', 35),
(1076, 39, 136, 0, '2024-09-01 23:10:31', NULL, 19, 18, 4, 2, 1, 'priv', 36),
(1077, 39, 136, 0, '2024-09-01 23:10:31', NULL, 19, 18, 4, 3, 0, 'do', 37),
(1078, 39, 136, 0, '2024-09-01 23:10:31', NULL, 19, 18, 4, 1, 1, 'do', 38),
(1079, 40, 136, 0, '2024-09-01 23:10:38', NULL, 20, 18, 3, 5, 5, 'team', 20),
(1080, 40, 136, 0, '2024-09-01 23:10:38', NULL, 20, 18, 3, 3, 1, 'team', 21),
(1081, 40, 136, 0, '2024-09-01 23:10:38', NULL, 20, 18, 3, 5, 2.5, 'team', 22),
(1082, 40, 136, 0, '2024-09-01 23:10:38', NULL, 20, 18, 3, 3, 1, 'priv', 23),
(1083, 40, 136, 0, '2024-09-01 23:10:38', NULL, 20, 18, 3, 4, 5, 'priv', 24),
(1084, 40, 136, 0, '2024-09-01 23:10:38', NULL, 20, 18, 3, 5, 1, 'priv', 25),
(1085, 40, 136, 0, '2024-09-01 23:10:38', NULL, 20, 18, 3, 3, 2.5, 'priv', 26),
(1086, 40, 136, 0, '2024-09-01 23:10:38', NULL, 20, 18, 3, 4, 1, 'do', 27),
(1087, 40, 136, 0, '2024-09-01 23:10:38', NULL, 20, 18, 3, 5, 3.75, 'do', 28),
(1088, 40, 136, 0, '2024-09-01 23:10:46', NULL, 19, 18, 3, 1, 1, 'team', 20),
(1089, 40, 136, 0, '2024-09-01 23:10:46', NULL, 19, 18, 3, 4, 5, 'team', 21),
(1090, 40, 136, 0, '2024-09-01 23:10:46', NULL, 19, 18, 3, 1, 1, 'team', 22),
(1091, 40, 136, 0, '2024-09-01 23:10:46', NULL, 19, 18, 3, 2, 2.5, 'priv', 23),
(1092, 40, 136, 0, '2024-09-01 23:10:46', NULL, 19, 18, 3, 1, 1, 'priv', 24),
(1093, 40, 136, 0, '2024-09-01 23:10:46', NULL, 19, 18, 3, 1, 3.75, 'priv', 25),
(1094, 40, 136, 0, '2024-09-01 23:10:46', NULL, 19, 18, 3, 2, 1, 'priv', 26),
(1095, 40, 136, 0, '2024-09-01 23:10:46', NULL, 19, 18, 3, 1, 5, 'do', 27),
(1096, 40, 136, 0, '2024-09-01 23:10:46', NULL, 19, 18, 3, 2, 1, 'do', 28),
(1097, 41, 137, 0, '2024-09-01 23:29:48', NULL, 18, 20, 2, 2, 2, 'team', 11),
(1098, 41, 137, 0, '2024-09-01 23:29:48', NULL, 18, 20, 2, 2, 2, 'team', 12),
(1099, 41, 137, 0, '2024-09-01 23:29:48', NULL, 18, 20, 2, 2, 2, 'team', 13),
(1100, 41, 137, 0, '2024-09-01 23:29:48', NULL, 18, 20, 2, 2, 2, 'team', 14),
(1101, 41, 137, 0, '2024-09-01 23:29:48', NULL, 18, 20, 2, 2, 2, 'priv', 15),
(1102, 41, 137, 0, '2024-09-01 23:29:48', NULL, 18, 20, 2, 2, 2, 'priv', 16),
(1103, 41, 137, 0, '2024-09-01 23:29:48', NULL, 18, 20, 2, 2, 2, 'priv', 17),
(1104, 41, 137, 0, '2024-09-01 23:29:48', NULL, 18, 20, 2, 2, 2, 'priv', 18),
(1105, 41, 137, 0, '2024-09-01 23:29:48', NULL, 18, 20, 2, 2, 2, 'priv', 19),
(1106, 41, 137, 0, '2024-09-01 23:29:56', NULL, 19, 20, 2, 2, 2, 'team', 11),
(1107, 41, 137, 0, '2024-09-01 23:29:56', NULL, 19, 20, 2, 2, 2, 'team', 12),
(1108, 41, 137, 0, '2024-09-01 23:29:56', NULL, 19, 20, 2, 2, 2, 'team', 13),
(1109, 41, 137, 0, '2024-09-01 23:29:56', NULL, 19, 20, 2, 2, 2, 'team', 14),
(1110, 41, 137, 0, '2024-09-01 23:29:56', NULL, 19, 20, 2, 2, 2, 'priv', 15),
(1111, 41, 137, 0, '2024-09-01 23:29:56', NULL, 19, 20, 2, 2, 2, 'priv', 16),
(1112, 41, 137, 0, '2024-09-01 23:29:56', NULL, 19, 20, 2, 2, 2, 'priv', 17),
(1113, 41, 137, 0, '2024-09-01 23:29:56', NULL, 19, 20, 2, 2, 2, 'priv', 18),
(1114, 41, 137, 0, '2024-09-01 23:29:56', NULL, 19, 20, 2, 2, 2, 'priv', 19),
(1115, 42, 137, 1, '2024-09-01 23:30:03', NULL, 18, 20, 2, 5, 5, 'team', 11),
(1116, 42, 137, 1, '2024-09-01 23:30:03', NULL, 18, 20, 2, 4, 4, 'team', 12),
(1117, 42, 137, 1, '2024-09-01 23:30:03', NULL, 18, 20, 2, 5, 5, 'team', 13),
(1118, 42, 137, 1, '2024-09-01 23:30:03', NULL, 18, 20, 2, 5, 5, 'team', 14),
(1119, 42, 137, 1, '2024-09-01 23:30:03', NULL, 18, 20, 2, 5, 5, 'priv', 15),
(1120, 42, 137, 1, '2024-09-01 23:30:03', NULL, 18, 20, 2, 3, 3, 'priv', 16),
(1121, 42, 137, 1, '2024-09-01 23:30:03', NULL, 18, 20, 2, 5, 5, 'priv', 17),
(1122, 42, 137, 1, '2024-09-01 23:30:03', NULL, 18, 20, 2, 4, 4, 'priv', 18),
(1123, 42, 137, 1, '2024-09-01 23:30:03', NULL, 18, 20, 2, 0, 0, 'priv', 19),
(1124, 42, 137, 0, '2024-09-01 23:30:13', NULL, 18, 20, 2, 5, 5, 'team', 11),
(1125, 42, 137, 0, '2024-09-01 23:30:13', NULL, 18, 20, 2, 4, 4, 'team', 12),
(1126, 42, 137, 0, '2024-09-01 23:30:13', NULL, 18, 20, 2, 5, 5, 'team', 13),
(1127, 42, 137, 0, '2024-09-01 23:30:13', NULL, 18, 20, 2, 5, 5, 'team', 14),
(1128, 42, 137, 0, '2024-09-01 23:30:13', NULL, 18, 20, 2, 5, 5, 'priv', 15),
(1129, 42, 137, 0, '2024-09-01 23:30:13', NULL, 18, 20, 2, 3, 3, 'priv', 16),
(1130, 42, 137, 0, '2024-09-01 23:30:13', NULL, 18, 20, 2, 5, 5, 'priv', 17),
(1131, 42, 137, 0, '2024-09-01 23:30:13', NULL, 18, 20, 2, 4, 4, 'priv', 18),
(1132, 42, 137, 0, '2024-09-01 23:30:13', NULL, 18, 20, 2, 5, 5, 'priv', 19),
(1133, 42, 137, 0, '2024-09-01 23:30:26', NULL, 19, 20, 2, 2, 2, 'team', 11),
(1134, 42, 137, 0, '2024-09-01 23:30:26', NULL, 19, 20, 2, 2, 2, 'team', 12),
(1135, 42, 137, 0, '2024-09-01 23:30:26', NULL, 19, 20, 2, 3, 3, 'team', 13),
(1136, 42, 137, 0, '2024-09-01 23:30:26', NULL, 19, 20, 2, 3, 3, 'team', 14),
(1137, 42, 137, 0, '2024-09-01 23:30:26', NULL, 19, 20, 2, 2, 2, 'priv', 15),
(1138, 42, 137, 0, '2024-09-01 23:30:26', NULL, 19, 20, 2, 1, 1, 'priv', 16),
(1139, 42, 137, 0, '2024-09-01 23:30:26', NULL, 19, 20, 2, 1, 1, 'priv', 17),
(1140, 42, 137, 0, '2024-09-01 23:30:26', NULL, 19, 20, 2, 3, 3, 'priv', 18),
(1141, 42, 137, 0, '2024-09-01 23:30:26', NULL, 19, 20, 2, 2, 2, 'priv', 19),
(1142, 43, 137, 0, '2024-09-01 23:30:35', NULL, 19, 20, 1, 2, 1.25, 'team', 1),
(1143, 43, 137, 0, '2024-09-01 23:30:35', NULL, 19, 20, 1, 3, 2.5, 'team', 2),
(1144, 43, 137, 0, '2024-09-01 23:30:35', NULL, 19, 20, 1, 2, 1.25, 'team', 3),
(1145, 43, 137, 0, '2024-09-01 23:30:35', NULL, 19, 20, 1, 4, 3.75, 'team', 4),
(1146, 43, 137, 0, '2024-09-01 23:30:35', NULL, 19, 20, 1, 1, 0, 'team', 5),
(1147, 43, 137, 0, '2024-09-01 23:30:35', NULL, 19, 20, 1, 2, 1.25, 'team', 6),
(1148, 43, 137, 0, '2024-09-01 23:30:35', NULL, 19, 20, 1, 1, 0, 'priv', 7),
(1149, 43, 137, 0, '2024-09-01 23:30:35', NULL, 19, 20, 1, 3, 2.5, 'priv', 8),
(1150, 43, 137, 0, '2024-09-01 23:30:35', NULL, 19, 20, 1, 1, 0, 'priv', 9),
(1151, 43, 137, 0, '2024-09-01 23:30:35', NULL, 19, 20, 1, 1, 0, 'do', 10),
(1152, 43, 137, 0, '2024-09-01 23:30:44', NULL, 18, 20, 1, 5, 5, 'team', 1),
(1153, 43, 137, 0, '2024-09-01 23:30:44', NULL, 18, 20, 1, 4, 3.75, 'team', 2),
(1154, 43, 137, 0, '2024-09-01 23:30:44', NULL, 18, 20, 1, 3, 2.5, 'team', 3),
(1155, 43, 137, 0, '2024-09-01 23:30:44', NULL, 18, 20, 1, 5, 5, 'team', 4),
(1156, 43, 137, 0, '2024-09-01 23:30:44', NULL, 18, 20, 1, 4, 3.75, 'team', 5),
(1157, 43, 137, 0, '2024-09-01 23:30:44', NULL, 18, 20, 1, 5, 5, 'team', 6),
(1158, 43, 137, 0, '2024-09-01 23:30:44', NULL, 18, 20, 1, 4, 3.75, 'priv', 7),
(1159, 43, 137, 0, '2024-09-01 23:30:44', NULL, 18, 20, 1, 5, 5, 'priv', 8),
(1160, 43, 137, 0, '2024-09-01 23:30:44', NULL, 18, 20, 1, 3, 2.5, 'priv', 9),
(1161, 43, 137, 0, '2024-09-01 23:30:44', NULL, 18, 20, 1, 5, 5, 'do', 10),
(1162, 41, 137, 0, '2024-09-01 23:31:03', NULL, 19, 18, 2, 5, 5, 'team', 11),
(1163, 41, 137, 0, '2024-09-01 23:31:03', NULL, 19, 18, 2, 4, 3.75, 'team', 12),
(1164, 41, 137, 0, '2024-09-01 23:31:03', NULL, 19, 18, 2, 5, 5, 'team', 13),
(1165, 41, 137, 0, '2024-09-01 23:31:03', NULL, 19, 18, 2, 4, 3.75, 'team', 14),
(1166, 41, 137, 0, '2024-09-01 23:31:03', NULL, 19, 18, 2, 5, 5, 'priv', 15),
(1167, 41, 137, 0, '2024-09-01 23:31:03', NULL, 19, 18, 2, 3, 2.5, 'priv', 16),
(1168, 41, 137, 0, '2024-09-01 23:31:03', NULL, 19, 18, 2, 5, 5, 'priv', 17),
(1169, 41, 137, 0, '2024-09-01 23:31:03', NULL, 19, 18, 2, 3, 2.5, 'priv', 18),
(1170, 41, 137, 0, '2024-09-01 23:31:03', NULL, 19, 18, 2, 5, 5, 'priv', 19),
(1171, 41, 137, 0, '2024-09-01 23:31:11', NULL, 20, 18, 2, 1, 0, 'team', 11),
(1172, 41, 137, 0, '2024-09-01 23:31:11', NULL, 20, 18, 2, 2, 1.25, 'team', 12),
(1173, 41, 137, 0, '2024-09-01 23:31:11', NULL, 20, 18, 2, 3, 2.5, 'team', 13),
(1174, 41, 137, 0, '2024-09-01 23:31:11', NULL, 20, 18, 2, 4, 3.75, 'team', 14),
(1175, 41, 137, 0, '2024-09-01 23:31:11', NULL, 20, 18, 2, 4, 3.75, 'priv', 15),
(1176, 41, 137, 0, '2024-09-01 23:31:11', NULL, 20, 18, 2, 2, 1.25, 'priv', 16),
(1177, 41, 137, 0, '2024-09-01 23:31:11', NULL, 20, 18, 2, 1, 0, 'priv', 17),
(1178, 41, 137, 0, '2024-09-01 23:31:11', NULL, 20, 18, 2, 2, 1.25, 'priv', 18),
(1179, 41, 137, 0, '2024-09-01 23:31:11', NULL, 20, 18, 2, 1, 0, 'priv', 19),
(1180, 42, 137, 0, '2024-09-01 23:31:25', NULL, 19, 18, 2, 5, 5, 'team', 11),
(1181, 42, 137, 0, '2024-09-01 23:31:25', NULL, 19, 18, 2, 5, 5, 'team', 12),
(1182, 42, 137, 0, '2024-09-01 23:31:25', NULL, 19, 18, 2, 3, 2.5, 'team', 13),
(1183, 42, 137, 0, '2024-09-01 23:31:25', NULL, 19, 18, 2, 5, 5, 'team', 14),
(1184, 42, 137, 0, '2024-09-01 23:31:25', NULL, 19, 18, 2, 3, 2.5, 'priv', 15),
(1185, 42, 137, 0, '2024-09-01 23:31:25', NULL, 19, 18, 2, 4, 3.75, 'priv', 16),
(1186, 42, 137, 0, '2024-09-01 23:31:25', NULL, 19, 18, 2, 2, 1.25, 'priv', 17),
(1187, 42, 137, 0, '2024-09-01 23:31:25', NULL, 19, 18, 2, 5, 5, 'priv', 18),
(1188, 42, 137, 0, '2024-09-01 23:31:25', NULL, 19, 18, 2, 4, 3.75, 'priv', 19),
(1189, 42, 137, 0, '2024-09-01 23:31:33', NULL, 20, 18, 2, 1, 0, 'team', 11),
(1190, 42, 137, 0, '2024-09-01 23:31:33', NULL, 20, 18, 2, 3, 2.5, 'team', 12),
(1191, 42, 137, 0, '2024-09-01 23:31:33', NULL, 20, 18, 2, 2, 1.25, 'team', 13),
(1192, 42, 137, 0, '2024-09-01 23:31:33', NULL, 20, 18, 2, 1, 0, 'team', 14),
(1193, 42, 137, 0, '2024-09-01 23:31:33', NULL, 20, 18, 2, 2, 1.25, 'priv', 15),
(1194, 42, 137, 0, '2024-09-01 23:31:33', NULL, 20, 18, 2, 1, 0, 'priv', 16),
(1195, 42, 137, 0, '2024-09-01 23:31:33', NULL, 20, 18, 2, 2, 1.25, 'priv', 17),
(1196, 42, 137, 0, '2024-09-01 23:31:33', NULL, 20, 18, 2, 2, 1.25, 'priv', 18),
(1197, 42, 137, 0, '2024-09-01 23:31:33', NULL, 20, 18, 2, 3, 2.5, 'priv', 19),
(1198, 43, 137, 0, '2024-09-01 23:31:43', NULL, 19, 18, 1, 5, 5, 'team', 1),
(1199, 43, 137, 0, '2024-09-01 23:31:43', NULL, 19, 18, 1, 3, 2.5, 'team', 2),
(1200, 43, 137, 0, '2024-09-01 23:31:43', NULL, 19, 18, 1, 5, 5, 'team', 3),
(1201, 43, 137, 0, '2024-09-01 23:31:43', NULL, 19, 18, 1, 3, 2.5, 'team', 4),
(1202, 43, 137, 0, '2024-09-01 23:31:43', NULL, 19, 18, 1, 3, 2.5, 'team', 5),
(1203, 43, 137, 0, '2024-09-01 23:31:43', NULL, 19, 18, 1, 4, 3.75, 'team', 6),
(1204, 43, 137, 0, '2024-09-01 23:31:43', NULL, 19, 18, 1, 5, 5, 'priv', 7),
(1205, 43, 137, 0, '2024-09-01 23:31:43', NULL, 19, 18, 1, 2, 1.25, 'priv', 8),
(1206, 43, 137, 0, '2024-09-01 23:31:43', NULL, 19, 18, 1, 5, 5, 'priv', 9),
(1207, 43, 137, 0, '2024-09-01 23:31:43', NULL, 19, 18, 1, 4, 3.75, 'do', 10),
(1208, 43, 137, 0, '2024-09-01 23:31:52', NULL, 20, 18, 1, 1, 0, 'team', 1),
(1209, 43, 137, 0, '2024-09-01 23:31:52', NULL, 20, 18, 1, 4, 3.75, 'team', 2),
(1210, 43, 137, 0, '2024-09-01 23:31:52', NULL, 20, 18, 1, 2, 1.25, 'team', 3),
(1211, 43, 137, 0, '2024-09-01 23:31:52', NULL, 20, 18, 1, 2, 1.25, 'team', 4),
(1212, 43, 137, 0, '2024-09-01 23:31:52', NULL, 20, 18, 1, 1, 0, 'team', 5),
(1213, 43, 137, 0, '2024-09-01 23:31:52', NULL, 20, 18, 1, 4, 3.75, 'team', 6),
(1214, 43, 137, 0, '2024-09-01 23:31:52', NULL, 20, 18, 1, 1, 0, 'priv', 7),
(1215, 43, 137, 0, '2024-09-01 23:31:52', NULL, 20, 18, 1, 1, 0, 'priv', 8),
(1216, 43, 137, 0, '2024-09-01 23:31:52', NULL, 20, 18, 1, 2, 1.25, 'priv', 9),
(1217, 43, 137, 0, '2024-09-01 23:31:52', NULL, 20, 18, 1, 1, 0, 'do', 10),
(1218, 44, 138, 0, '2024-09-02 00:25:25', NULL, 18, 20, 1, 4, 3.75, 'team', 1),
(1219, 44, 138, 0, '2024-09-02 00:25:25', NULL, 18, 20, 1, 5, 5, 'team', 2),
(1220, 44, 138, 0, '2024-09-02 00:25:25', NULL, 18, 20, 1, 3, 2.5, 'team', 3),
(1221, 44, 138, 0, '2024-09-02 00:25:25', NULL, 18, 20, 1, 4, 3.75, 'team', 4),
(1222, 44, 138, 0, '2024-09-02 00:25:25', NULL, 18, 20, 1, 5, 5, 'team', 5),
(1223, 44, 138, 0, '2024-09-02 00:25:25', NULL, 18, 20, 1, 3, 2.5, 'team', 6),
(1224, 44, 138, 0, '2024-09-02 00:25:25', NULL, 18, 20, 1, 5, 5, 'priv', 7),
(1225, 44, 138, 0, '2024-09-02 00:25:25', NULL, 18, 20, 1, 4, 3.75, 'priv', 8),
(1226, 44, 138, 0, '2024-09-02 00:25:25', NULL, 18, 20, 1, 5, 5, 'priv', 9),
(1227, 44, 138, 0, '2024-09-02 00:25:25', NULL, 18, 20, 1, 5, 5, 'do', 10),
(1228, 44, 138, 0, '2024-09-02 00:25:35', NULL, 19, 20, 1, 1, 0, 'team', 1),
(1229, 44, 138, 0, '2024-09-02 00:25:35', NULL, 19, 20, 1, 2, 1.25, 'team', 2),
(1230, 44, 138, 0, '2024-09-02 00:25:35', NULL, 19, 20, 1, 1, 0, 'team', 3),
(1231, 44, 138, 0, '2024-09-02 00:25:35', NULL, 19, 20, 1, 3, 2.5, 'team', 4),
(1232, 44, 138, 0, '2024-09-02 00:25:35', NULL, 19, 20, 1, 1, 0, 'team', 5),
(1233, 44, 138, 0, '2024-09-02 00:25:35', NULL, 19, 20, 1, 2, 1.25, 'team', 6),
(1234, 44, 138, 0, '2024-09-02 00:25:35', NULL, 19, 20, 1, 1, 0, 'priv', 7),
(1235, 44, 138, 0, '2024-09-02 00:25:35', NULL, 19, 20, 1, 2, 1.25, 'priv', 8),
(1236, 44, 138, 0, '2024-09-02 00:25:35', NULL, 19, 20, 1, 1, 0, 'priv', 9),
(1237, 44, 138, 0, '2024-09-02 00:25:35', NULL, 19, 20, 1, 1, 0, 'do', 10),
(1238, 45, 138, 0, '2024-09-02 00:25:44', NULL, 18, 20, 4, 3, 3, 'team', 29),
(1239, 45, 138, 0, '2024-09-02 00:25:44', NULL, 18, 20, 4, 3, 3, 'team', 30),
(1240, 45, 138, 0, '2024-09-02 00:25:44', NULL, 18, 20, 4, 3, 3, 'team', 31),
(1241, 45, 138, 0, '2024-09-02 00:25:44', NULL, 18, 20, 4, 3, 3, 'priv', 32),
(1242, 45, 138, 0, '2024-09-02 00:25:44', NULL, 18, 20, 4, 3, 3, 'priv', 33),
(1243, 45, 138, 0, '2024-09-02 00:25:44', NULL, 18, 20, 4, 3, 3, 'priv', 34),
(1244, 45, 138, 0, '2024-09-02 00:25:44', NULL, 18, 20, 4, 3, 3, 'priv', 35),
(1245, 45, 138, 0, '2024-09-02 00:25:44', NULL, 18, 20, 4, 3, 3, 'priv', 36),
(1246, 45, 138, 0, '2024-09-02 00:25:44', NULL, 18, 20, 4, 3, 3, 'do', 37),
(1247, 45, 138, 0, '2024-09-02 00:25:44', NULL, 18, 20, 4, 3, 3, 'do', 38),
(1248, 45, 138, 0, '2024-09-02 00:25:53', NULL, 19, 20, 4, 3, 3, 'team', 29),
(1249, 45, 138, 0, '2024-09-02 00:25:53', NULL, 19, 20, 4, 3, 3, 'team', 30),
(1250, 45, 138, 0, '2024-09-02 00:25:53', NULL, 19, 20, 4, 3, 3, 'team', 31),
(1251, 45, 138, 0, '2024-09-02 00:25:53', NULL, 19, 20, 4, 3, 3, 'priv', 32),
(1252, 45, 138, 0, '2024-09-02 00:25:53', NULL, 19, 20, 4, 3, 3, 'priv', 33),
(1253, 45, 138, 0, '2024-09-02 00:25:53', NULL, 19, 20, 4, 3, 3, 'priv', 34),
(1254, 45, 138, 0, '2024-09-02 00:25:53', NULL, 19, 20, 4, 3, 3, 'priv', 35),
(1255, 45, 138, 0, '2024-09-02 00:25:53', NULL, 19, 20, 4, 3, 3, 'priv', 36),
(1256, 45, 138, 0, '2024-09-02 00:25:53', NULL, 19, 20, 4, 3, 3, 'do', 37),
(1257, 45, 138, 0, '2024-09-02 00:25:53', NULL, 19, 20, 4, 3, 3, 'do', 38),
(1258, 46, 138, 0, '2024-09-02 00:26:02', NULL, 18, 20, 1, 5, 5, 'team', 1),
(1259, 46, 138, 0, '2024-09-02 00:26:02', NULL, 18, 20, 1, 4, 3.75, 'team', 2),
(1260, 46, 138, 0, '2024-09-02 00:26:02', NULL, 18, 20, 1, 5, 5, 'team', 3),
(1261, 46, 138, 0, '2024-09-02 00:26:02', NULL, 18, 20, 1, 3, 2.5, 'team', 4),
(1262, 46, 138, 0, '2024-09-02 00:26:02', NULL, 18, 20, 1, 4, 3.75, 'team', 5),
(1263, 46, 138, 0, '2024-09-02 00:26:02', NULL, 18, 20, 1, 4, 3.75, 'team', 6),
(1264, 46, 138, 0, '2024-09-02 00:26:02', NULL, 18, 20, 1, 5, 5, 'priv', 7),
(1265, 46, 138, 0, '2024-09-02 00:26:02', NULL, 18, 20, 1, 3, 2.5, 'priv', 8),
(1266, 46, 138, 0, '2024-09-02 00:26:02', NULL, 18, 20, 1, 5, 5, 'priv', 9),
(1267, 46, 138, 0, '2024-09-02 00:26:02', NULL, 18, 20, 1, 4, 3.75, 'do', 10),
(1268, 46, 138, 0, '2024-09-02 00:26:12', NULL, 19, 20, 1, 1, 0, 'team', 1),
(1269, 46, 138, 0, '2024-09-02 00:26:12', NULL, 19, 20, 1, 2, 1.25, 'team', 2),
(1270, 46, 138, 0, '2024-09-02 00:26:12', NULL, 19, 20, 1, 1, 0, 'team', 3),
(1271, 46, 138, 0, '2024-09-02 00:26:12', NULL, 19, 20, 1, 3, 2.5, 'team', 4),
(1272, 46, 138, 0, '2024-09-02 00:26:12', NULL, 19, 20, 1, 1, 0, 'team', 5),
(1273, 46, 138, 0, '2024-09-02 00:26:12', NULL, 19, 20, 1, 2, 1.25, 'team', 6),
(1274, 46, 138, 0, '2024-09-02 00:26:12', NULL, 19, 20, 1, 1, 0, 'priv', 7),
(1275, 46, 138, 0, '2024-09-02 00:26:12', NULL, 19, 20, 1, 3, 2.5, 'priv', 8),
(1276, 46, 138, 0, '2024-09-02 00:26:12', NULL, 19, 20, 1, 2, 1.25, 'priv', 9),
(1277, 46, 138, 0, '2024-09-02 00:26:12', NULL, 19, 20, 1, 1, 0, 'do', 10),
(1278, 44, 138, 0, '2024-09-02 00:26:35', NULL, 20, 19, 1, 5, 5, 'team', 1),
(1279, 44, 138, 0, '2024-09-02 00:26:35', NULL, 20, 19, 1, 3, 2.5, 'team', 2),
(1280, 44, 138, 0, '2024-09-02 00:26:35', NULL, 20, 19, 1, 4, 3.75, 'team', 3),
(1281, 44, 138, 0, '2024-09-02 00:26:35', NULL, 20, 19, 1, 3, 2.5, 'team', 4),
(1282, 44, 138, 0, '2024-09-02 00:26:35', NULL, 20, 19, 1, 4, 3.75, 'team', 5),
(1283, 44, 138, 0, '2024-09-02 00:26:35', NULL, 20, 19, 1, 5, 5, 'team', 6),
(1284, 44, 138, 0, '2024-09-02 00:26:35', NULL, 20, 19, 1, 4, 3.75, 'priv', 7),
(1285, 44, 138, 0, '2024-09-02 00:26:35', NULL, 20, 19, 1, 3, 2.5, 'priv', 8),
(1286, 44, 138, 0, '2024-09-02 00:26:35', NULL, 20, 19, 1, 4, 3.75, 'priv', 9),
(1287, 44, 138, 0, '2024-09-02 00:26:35', NULL, 20, 19, 1, 5, 5, 'do', 10),
(1288, 44, 138, 0, '2024-09-02 00:26:44', NULL, 18, 19, 1, 1, 0, 'team', 1),
(1289, 44, 138, 0, '2024-09-02 00:26:44', NULL, 18, 19, 1, 2, 1.25, 'team', 2),
(1290, 44, 138, 0, '2024-09-02 00:26:44', NULL, 18, 19, 1, 2, 1.25, 'team', 3),
(1291, 44, 138, 0, '2024-09-02 00:26:44', NULL, 18, 19, 1, 3, 2.5, 'team', 4),
(1292, 44, 138, 0, '2024-09-02 00:26:44', NULL, 18, 19, 1, 4, 3.75, 'team', 5),
(1293, 44, 138, 0, '2024-09-02 00:26:44', NULL, 18, 19, 1, 3, 2.5, 'team', 6),
(1294, 44, 138, 0, '2024-09-02 00:26:44', NULL, 18, 19, 1, 4, 3.75, 'priv', 7),
(1295, 44, 138, 0, '2024-09-02 00:26:44', NULL, 18, 19, 1, 3, 2.5, 'priv', 8),
(1296, 44, 138, 0, '2024-09-02 00:26:44', NULL, 18, 19, 1, 2, 1.25, 'priv', 9),
(1297, 44, 138, 0, '2024-09-02 00:26:44', NULL, 18, 19, 1, 4, 3.75, 'do', 10),
(1298, 45, 138, 0, '2024-09-02 00:26:53', NULL, 18, 19, 4, 1, 0, 'team', 29),
(1299, 45, 138, 0, '2024-09-02 00:26:53', NULL, 18, 19, 4, 2, 1.25, 'team', 30),
(1300, 45, 138, 0, '2024-09-02 00:26:53', NULL, 18, 19, 4, 2, 1.25, 'team', 31),
(1301, 45, 138, 0, '2024-09-02 00:26:53', NULL, 18, 19, 4, 3, 2.5, 'priv', 32),
(1302, 45, 138, 0, '2024-09-02 00:26:53', NULL, 18, 19, 4, 1, 0, 'priv', 33),
(1303, 45, 138, 0, '2024-09-02 00:26:53', NULL, 18, 19, 4, 2, 1.25, 'priv', 34),
(1304, 45, 138, 0, '2024-09-02 00:26:53', NULL, 18, 19, 4, 1, 0, 'priv', 35),
(1305, 45, 138, 0, '2024-09-02 00:26:53', NULL, 18, 19, 4, 2, 1.25, 'priv', 36),
(1306, 45, 138, 0, '2024-09-02 00:26:53', NULL, 18, 19, 4, 1, 0, 'do', 37),
(1307, 45, 138, 0, '2024-09-02 00:26:53', NULL, 18, 19, 4, 2, 1.25, 'do', 38),
(1308, 45, 138, 0, '2024-09-02 00:27:05', NULL, 20, 19, 4, 5, 5, 'team', 29),
(1309, 45, 138, 0, '2024-09-02 00:27:05', NULL, 20, 19, 4, 4, 3.75, 'team', 30),
(1310, 45, 138, 0, '2024-09-02 00:27:05', NULL, 20, 19, 4, 3, 2.5, 'team', 31),
(1311, 45, 138, 0, '2024-09-02 00:27:05', NULL, 20, 19, 4, 5, 5, 'priv', 32),
(1312, 45, 138, 0, '2024-09-02 00:27:05', NULL, 20, 19, 4, 4, 3.75, 'priv', 33),
(1313, 45, 138, 0, '2024-09-02 00:27:05', NULL, 20, 19, 4, 4, 3.75, 'priv', 34),
(1314, 45, 138, 0, '2024-09-02 00:27:05', NULL, 20, 19, 4, 5, 5, 'priv', 35),
(1315, 45, 138, 0, '2024-09-02 00:27:05', NULL, 20, 19, 4, 4, 3.75, 'priv', 36),
(1316, 45, 138, 0, '2024-09-02 00:27:05', NULL, 20, 19, 4, 5, 5, 'do', 37),
(1317, 45, 138, 0, '2024-09-02 00:27:05', NULL, 20, 19, 4, 4, 3.75, 'do', 38),
(1318, 46, 138, 0, '2024-09-02 00:27:13', NULL, 18, 19, 1, 3, 3, 'team', 1),
(1319, 46, 138, 0, '2024-09-02 00:27:13', NULL, 18, 19, 1, 3, 3, 'team', 2),
(1320, 46, 138, 0, '2024-09-02 00:27:13', NULL, 18, 19, 1, 3, 3, 'team', 3),
(1321, 46, 138, 0, '2024-09-02 00:27:13', NULL, 18, 19, 1, 3, 3, 'team', 4),
(1322, 46, 138, 0, '2024-09-02 00:27:13', NULL, 18, 19, 1, 3, 3, 'team', 5),
(1323, 46, 138, 0, '2024-09-02 00:27:13', NULL, 18, 19, 1, 3, 3, 'team', 6),
(1324, 46, 138, 0, '2024-09-02 00:27:13', NULL, 18, 19, 1, 3, 3, 'priv', 7),
(1325, 46, 138, 0, '2024-09-02 00:27:13', NULL, 18, 19, 1, 3, 3, 'priv', 8),
(1326, 46, 138, 0, '2024-09-02 00:27:13', NULL, 18, 19, 1, 3, 3, 'priv', 9),
(1327, 46, 138, 0, '2024-09-02 00:27:13', NULL, 18, 19, 1, 3, 3, 'do', 10),
(1328, 46, 138, 0, '2024-09-02 00:27:21', NULL, 20, 19, 1, 3, 3, 'team', 1),
(1329, 46, 138, 0, '2024-09-02 00:27:21', NULL, 20, 19, 1, 3, 3, 'team', 2),
(1330, 46, 138, 0, '2024-09-02 00:27:21', NULL, 20, 19, 1, 3, 3, 'team', 3),
(1331, 46, 138, 0, '2024-09-02 00:27:21', NULL, 20, 19, 1, 3, 3, 'team', 4),
(1332, 46, 138, 0, '2024-09-02 00:27:21', NULL, 20, 19, 1, 3, 3, 'team', 5),
(1333, 46, 138, 0, '2024-09-02 00:27:21', NULL, 20, 19, 1, 3, 3, 'team', 6),
(1334, 46, 138, 0, '2024-09-02 00:27:21', NULL, 20, 19, 1, 3, 3, 'priv', 7),
(1335, 46, 138, 0, '2024-09-02 00:27:21', NULL, 20, 19, 1, 3, 3, 'priv', 8),
(1336, 46, 138, 0, '2024-09-02 00:27:21', NULL, 20, 19, 1, 3, 3, 'priv', 9),
(1337, 46, 138, 0, '2024-09-02 00:27:21', NULL, 20, 19, 1, 3, 3, 'do', 10);
INSERT INTO `task_eval` (`num`, `task`, `teample`, `isActive`, `createdAt`, `updatedAt`, `user`, `uploader`, `type`, `score`, `scaled_score`, `goal`, `element`) VALUES
(1338, 44, 138, 0, '2024-09-02 00:28:05', NULL, 19, 18, 1, 5, 5, 'team', 1),
(1339, 44, 138, 0, '2024-09-02 00:28:05', NULL, 19, 18, 1, 4, 3.75, 'team', 2),
(1340, 44, 138, 0, '2024-09-02 00:28:05', NULL, 19, 18, 1, 5, 5, 'team', 3),
(1341, 44, 138, 0, '2024-09-02 00:28:05', NULL, 19, 18, 1, 4, 3.75, 'team', 4),
(1342, 44, 138, 0, '2024-09-02 00:28:05', NULL, 19, 18, 1, 3, 2.5, 'team', 5),
(1343, 44, 138, 0, '2024-09-02 00:28:05', NULL, 19, 18, 1, 5, 5, 'team', 6),
(1344, 44, 138, 0, '2024-09-02 00:28:05', NULL, 19, 18, 1, 4, 3.75, 'priv', 7),
(1345, 44, 138, 0, '2024-09-02 00:28:05', NULL, 19, 18, 1, 3, 2.5, 'priv', 8),
(1346, 44, 138, 0, '2024-09-02 00:28:05', NULL, 19, 18, 1, 5, 5, 'priv', 9),
(1347, 44, 138, 0, '2024-09-02 00:28:05', NULL, 19, 18, 1, 4, 3.75, 'do', 10),
(1348, 44, 138, 0, '2024-09-02 00:28:14', NULL, 20, 18, 1, 2, 1.25, 'team', 1),
(1349, 44, 138, 0, '2024-09-02 00:28:14', NULL, 20, 18, 1, 2, 1.25, 'team', 2),
(1350, 44, 138, 0, '2024-09-02 00:28:14', NULL, 20, 18, 1, 1, 0, 'team', 3),
(1351, 44, 138, 0, '2024-09-02 00:28:14', NULL, 20, 18, 1, 3, 2.5, 'team', 4),
(1352, 44, 138, 0, '2024-09-02 00:28:14', NULL, 20, 18, 1, 2, 1.25, 'team', 5),
(1353, 44, 138, 0, '2024-09-02 00:28:14', NULL, 20, 18, 1, 1, 0, 'team', 6),
(1354, 44, 138, 0, '2024-09-02 00:28:14', NULL, 20, 18, 1, 3, 2.5, 'priv', 7),
(1355, 44, 138, 0, '2024-09-02 00:28:14', NULL, 20, 18, 1, 2, 1.25, 'priv', 8),
(1356, 44, 138, 0, '2024-09-02 00:28:14', NULL, 20, 18, 1, 1, 0, 'priv', 9),
(1357, 44, 138, 0, '2024-09-02 00:28:14', NULL, 20, 18, 1, 2, 1.25, 'do', 10),
(1358, 45, 138, 0, '2024-09-02 00:28:23', NULL, 19, 18, 4, 5, 5, 'team', 29),
(1359, 45, 138, 0, '2024-09-02 00:28:23', NULL, 19, 18, 4, 4, 3.75, 'team', 30),
(1360, 45, 138, 0, '2024-09-02 00:28:23', NULL, 19, 18, 4, 3, 2.5, 'team', 31),
(1361, 45, 138, 0, '2024-09-02 00:28:23', NULL, 19, 18, 4, 1, 0, 'priv', 32),
(1362, 45, 138, 0, '2024-09-02 00:28:23', NULL, 19, 18, 4, 4, 3.75, 'priv', 33),
(1363, 45, 138, 0, '2024-09-02 00:28:23', NULL, 19, 18, 4, 3, 2.5, 'priv', 34),
(1364, 45, 138, 0, '2024-09-02 00:28:23', NULL, 19, 18, 4, 5, 5, 'priv', 35),
(1365, 45, 138, 0, '2024-09-02 00:28:23', NULL, 19, 18, 4, 4, 3.75, 'priv', 36),
(1366, 45, 138, 0, '2024-09-02 00:28:23', NULL, 19, 18, 4, 4, 3.75, 'do', 37),
(1367, 45, 138, 0, '2024-09-02 00:28:23', NULL, 19, 18, 4, 5, 5, 'do', 38),
(1368, 45, 138, 0, '2024-09-02 00:28:31', NULL, 20, 18, 4, 1, 0, 'team', 29),
(1369, 45, 138, 0, '2024-09-02 00:28:31', NULL, 20, 18, 4, 2, 1.25, 'team', 30),
(1370, 45, 138, 0, '2024-09-02 00:28:31', NULL, 20, 18, 4, 1, 0, 'team', 31),
(1371, 45, 138, 0, '2024-09-02 00:28:31', NULL, 20, 18, 4, 2, 1.25, 'priv', 32),
(1372, 45, 138, 0, '2024-09-02 00:28:31', NULL, 20, 18, 4, 3, 2.5, 'priv', 33),
(1373, 45, 138, 0, '2024-09-02 00:28:31', NULL, 20, 18, 4, 1, 0, 'priv', 34),
(1374, 45, 138, 0, '2024-09-02 00:28:31', NULL, 20, 18, 4, 2, 1.25, 'priv', 35),
(1375, 45, 138, 0, '2024-09-02 00:28:31', NULL, 20, 18, 4, 1, 0, 'priv', 36),
(1376, 45, 138, 0, '2024-09-02 00:28:31', NULL, 20, 18, 4, 1, 0, 'do', 37),
(1377, 45, 138, 0, '2024-09-02 00:28:31', NULL, 20, 18, 4, 1, 0, 'do', 38),
(1378, 46, 138, 0, '2024-09-02 00:28:45', NULL, 19, 18, 1, 4, 3.75, 'team', 1),
(1379, 46, 138, 0, '2024-09-02 00:28:45', NULL, 19, 18, 1, 5, 5, 'team', 2),
(1380, 46, 138, 0, '2024-09-02 00:28:45', NULL, 19, 18, 1, 3, 2.5, 'team', 3),
(1381, 46, 138, 0, '2024-09-02 00:28:45', NULL, 19, 18, 1, 5, 5, 'team', 4),
(1382, 46, 138, 0, '2024-09-02 00:28:45', NULL, 19, 18, 1, 4, 3.75, 'team', 5),
(1383, 46, 138, 0, '2024-09-02 00:28:45', NULL, 19, 18, 1, 3, 2.5, 'team', 6),
(1384, 46, 138, 0, '2024-09-02 00:28:45', NULL, 19, 18, 1, 5, 5, 'priv', 7),
(1385, 46, 138, 0, '2024-09-02 00:28:45', NULL, 19, 18, 1, 5, 5, 'priv', 8),
(1386, 46, 138, 0, '2024-09-02 00:28:45', NULL, 19, 18, 1, 3, 2.5, 'priv', 9),
(1387, 46, 138, 0, '2024-09-02 00:28:45', NULL, 19, 18, 1, 4, 3.75, 'do', 10),
(1388, 46, 138, 0, '2024-09-02 00:28:55', NULL, 20, 18, 1, 2, 1.25, 'team', 1),
(1389, 46, 138, 0, '2024-09-02 00:28:55', NULL, 20, 18, 1, 3, 2.5, 'team', 2),
(1390, 46, 138, 0, '2024-09-02 00:28:55', NULL, 20, 18, 1, 1, 0, 'team', 3),
(1391, 46, 138, 0, '2024-09-02 00:28:55', NULL, 20, 18, 1, 2, 1.25, 'team', 4),
(1392, 46, 138, 0, '2024-09-02 00:28:55', NULL, 20, 18, 1, 1, 0, 'team', 5),
(1393, 46, 138, 0, '2024-09-02 00:28:55', NULL, 20, 18, 1, 1, 0, 'team', 6),
(1394, 46, 138, 0, '2024-09-02 00:28:55', NULL, 20, 18, 1, 1, 0, 'priv', 7),
(1395, 46, 138, 0, '2024-09-02 00:28:55', NULL, 20, 18, 1, 3, 2.5, 'priv', 8),
(1396, 46, 138, 0, '2024-09-02 00:28:55', NULL, 20, 18, 1, 2, 1.25, 'priv', 9),
(1397, 46, 138, 0, '2024-09-02 00:28:55', NULL, 20, 18, 1, 1, 0, 'do', 10),
(1398, 47, 139, 0, '2024-09-02 00:43:57', NULL, 18, 20, 1, 3, 3, 'team', 1),
(1399, 47, 139, 0, '2024-09-02 00:43:57', NULL, 18, 20, 1, 3, 3, 'team', 2),
(1400, 47, 139, 0, '2024-09-02 00:43:57', NULL, 18, 20, 1, 3, 3, 'team', 3),
(1401, 47, 139, 0, '2024-09-02 00:43:57', NULL, 18, 20, 1, 3, 3, 'team', 4),
(1402, 47, 139, 0, '2024-09-02 00:43:57', NULL, 18, 20, 1, 3, 3, 'team', 5),
(1403, 47, 139, 0, '2024-09-02 00:43:57', NULL, 18, 20, 1, 3, 3, 'team', 6),
(1404, 47, 139, 0, '2024-09-02 00:43:57', NULL, 18, 20, 1, 3, 3, 'priv', 7),
(1405, 47, 139, 0, '2024-09-02 00:43:57', NULL, 18, 20, 1, 3, 3, 'priv', 8),
(1406, 47, 139, 0, '2024-09-02 00:43:57', NULL, 18, 20, 1, 3, 3, 'priv', 9),
(1407, 47, 139, 0, '2024-09-02 00:43:57', NULL, 18, 20, 1, 3, 3, 'do', 10),
(1408, 47, 139, 0, '2024-09-02 00:44:05', NULL, 19, 20, 1, 3, 3, 'team', 1),
(1409, 47, 139, 0, '2024-09-02 00:44:05', NULL, 19, 20, 1, 3, 3, 'team', 2),
(1410, 47, 139, 0, '2024-09-02 00:44:05', NULL, 19, 20, 1, 3, 3, 'team', 3),
(1411, 47, 139, 0, '2024-09-02 00:44:05', NULL, 19, 20, 1, 3, 3, 'team', 4),
(1412, 47, 139, 0, '2024-09-02 00:44:05', NULL, 19, 20, 1, 3, 3, 'team', 5),
(1413, 47, 139, 0, '2024-09-02 00:44:05', NULL, 19, 20, 1, 3, 3, 'team', 6),
(1414, 47, 139, 0, '2024-09-02 00:44:05', NULL, 19, 20, 1, 3, 3, 'priv', 7),
(1415, 47, 139, 0, '2024-09-02 00:44:05', NULL, 19, 20, 1, 3, 3, 'priv', 8),
(1416, 47, 139, 0, '2024-09-02 00:44:05', NULL, 19, 20, 1, 3, 3, 'priv', 9),
(1417, 47, 139, 0, '2024-09-02 00:44:05', NULL, 19, 20, 1, 3, 3, 'do', 10),
(1418, 48, 139, 0, '2024-09-02 00:44:15', NULL, 18, 20, 4, 5, 5, 'team', 29),
(1419, 48, 139, 0, '2024-09-02 00:44:15', NULL, 18, 20, 4, 4, 4, 'team', 30),
(1420, 48, 139, 0, '2024-09-02 00:44:15', NULL, 18, 20, 4, 5, 5, 'team', 31),
(1421, 48, 139, 0, '2024-09-02 00:44:15', NULL, 18, 20, 4, 5, 5, 'priv', 32),
(1422, 48, 139, 0, '2024-09-02 00:44:15', NULL, 18, 20, 4, 5, 5, 'priv', 33),
(1423, 48, 139, 0, '2024-09-02 00:44:15', NULL, 18, 20, 4, 4, 4, 'priv', 34),
(1424, 48, 139, 0, '2024-09-02 00:44:15', NULL, 18, 20, 4, 4, 4, 'priv', 35),
(1425, 48, 139, 0, '2024-09-02 00:44:15', NULL, 18, 20, 4, 5, 5, 'priv', 36),
(1426, 48, 139, 0, '2024-09-02 00:44:15', NULL, 18, 20, 4, 4, 4, 'do', 37),
(1427, 48, 139, 0, '2024-09-02 00:44:15', NULL, 18, 20, 4, 3, 3, 'do', 38),
(1428, 48, 139, 1, '2024-09-02 00:44:23', NULL, 19, 20, 4, 1, 1, 'team', 29),
(1429, 48, 139, 1, '2024-09-02 00:44:23', NULL, 19, 20, 4, 2, 2, 'team', 30),
(1430, 48, 139, 1, '2024-09-02 00:44:23', NULL, 19, 20, 4, 3, 3, 'team', 31),
(1431, 48, 139, 1, '2024-09-02 00:44:23', NULL, 19, 20, 4, 2, 2, 'priv', 32),
(1432, 48, 139, 1, '2024-09-02 00:44:23', NULL, 19, 20, 4, 1, 1, 'priv', 33),
(1433, 48, 139, 1, '2024-09-02 00:44:23', NULL, 19, 20, 4, 3, 3, 'priv', 34),
(1434, 48, 139, 1, '2024-09-02 00:44:23', NULL, 19, 20, 4, 1, 1, 'priv', 35),
(1435, 48, 139, 1, '2024-09-02 00:44:23', NULL, 19, 20, 4, 2, 2, 'priv', 36),
(1436, 48, 139, 1, '2024-09-02 00:44:23', NULL, 19, 20, 4, 2, 2, 'do', 37),
(1437, 48, 139, 1, '2024-09-02 00:44:23', NULL, 19, 20, 4, 0, 1, 'do', 38),
(1438, 48, 139, 0, '2024-09-02 00:44:27', NULL, 19, 20, 4, 1, 1, 'team', 29),
(1439, 48, 139, 0, '2024-09-02 00:44:27', NULL, 19, 20, 4, 2, 2, 'team', 30),
(1440, 48, 139, 0, '2024-09-02 00:44:27', NULL, 19, 20, 4, 3, 3, 'team', 31),
(1441, 48, 139, 0, '2024-09-02 00:44:27', NULL, 19, 20, 4, 2, 2, 'priv', 32),
(1442, 48, 139, 0, '2024-09-02 00:44:27', NULL, 19, 20, 4, 1, 1, 'priv', 33),
(1443, 48, 139, 0, '2024-09-02 00:44:27', NULL, 19, 20, 4, 3, 3, 'priv', 34),
(1444, 48, 139, 0, '2024-09-02 00:44:27', NULL, 19, 20, 4, 1, 1, 'priv', 35),
(1445, 48, 139, 0, '2024-09-02 00:44:27', NULL, 19, 20, 4, 2, 2, 'priv', 36),
(1446, 48, 139, 0, '2024-09-02 00:44:27', NULL, 19, 20, 4, 2, 2, 'do', 37),
(1447, 48, 139, 0, '2024-09-02 00:44:27', NULL, 19, 20, 4, 1, 1, 'do', 38),
(1448, 49, 139, 1, '2024-09-02 00:44:36', NULL, 18, 20, 4, 5, 5, 'team', 29),
(1449, 49, 139, 1, '2024-09-02 00:44:36', NULL, 18, 20, 4, 3, 3, 'team', 30),
(1450, 49, 139, 1, '2024-09-02 00:44:36', NULL, 18, 20, 4, 3, 3, 'team', 31),
(1451, 49, 139, 1, '2024-09-02 00:44:36', NULL, 18, 20, 4, 5, 5, 'priv', 32),
(1452, 49, 139, 1, '2024-09-02 00:44:36', NULL, 18, 20, 4, 4, 4, 'priv', 33),
(1453, 49, 139, 1, '2024-09-02 00:44:36', NULL, 18, 20, 4, 5, 5, 'priv', 34),
(1454, 49, 139, 1, '2024-09-02 00:44:36', NULL, 18, 20, 4, 3, 3, 'priv', 35),
(1455, 49, 139, 1, '2024-09-02 00:44:36', NULL, 18, 20, 4, 5, 5, 'priv', 36),
(1456, 49, 139, 1, '2024-09-02 00:44:36', NULL, 18, 20, 4, 4, 4, 'do', 37),
(1457, 49, 139, 1, '2024-09-02 00:44:36', NULL, 18, 20, 4, 0, 1, 'do', 38),
(1458, 49, 139, 0, '2024-09-02 00:44:39', NULL, 18, 20, 4, 5, 5, 'team', 29),
(1459, 49, 139, 0, '2024-09-02 00:44:39', NULL, 18, 20, 4, 3, 3, 'team', 30),
(1460, 49, 139, 0, '2024-09-02 00:44:39', NULL, 18, 20, 4, 3, 3, 'team', 31),
(1461, 49, 139, 0, '2024-09-02 00:44:39', NULL, 18, 20, 4, 5, 5, 'priv', 32),
(1462, 49, 139, 0, '2024-09-02 00:44:39', NULL, 18, 20, 4, 4, 4, 'priv', 33),
(1463, 49, 139, 0, '2024-09-02 00:44:39', NULL, 18, 20, 4, 5, 5, 'priv', 34),
(1464, 49, 139, 0, '2024-09-02 00:44:39', NULL, 18, 20, 4, 3, 3, 'priv', 35),
(1465, 49, 139, 0, '2024-09-02 00:44:39', NULL, 18, 20, 4, 5, 5, 'priv', 36),
(1466, 49, 139, 0, '2024-09-02 00:44:39', NULL, 18, 20, 4, 4, 4, 'do', 37),
(1467, 49, 139, 0, '2024-09-02 00:44:39', NULL, 18, 20, 4, 4, 4, 'do', 38),
(1468, 49, 139, 0, '2024-09-02 00:44:48', NULL, 19, 20, 4, 1, 1, 'team', 29),
(1469, 49, 139, 0, '2024-09-02 00:44:48', NULL, 19, 20, 4, 3, 3, 'team', 30),
(1470, 49, 139, 0, '2024-09-02 00:44:48', NULL, 19, 20, 4, 3, 3, 'team', 31),
(1471, 49, 139, 0, '2024-09-02 00:44:48', NULL, 19, 20, 4, 3, 3, 'priv', 32),
(1472, 49, 139, 0, '2024-09-02 00:44:48', NULL, 19, 20, 4, 1, 1, 'priv', 33),
(1473, 49, 139, 0, '2024-09-02 00:44:48', NULL, 19, 20, 4, 2, 2, 'priv', 34),
(1474, 49, 139, 0, '2024-09-02 00:44:48', NULL, 19, 20, 4, 1, 1, 'priv', 35),
(1475, 49, 139, 0, '2024-09-02 00:44:48', NULL, 19, 20, 4, 2, 2, 'priv', 36),
(1476, 49, 139, 0, '2024-09-02 00:44:48', NULL, 19, 20, 4, 2, 2, 'do', 37),
(1477, 49, 139, 0, '2024-09-02 00:44:48', NULL, 19, 20, 4, 1, 1, 'do', 38),
(1478, 47, 139, 0, '2024-09-02 00:45:12', NULL, 18, 19, 1, 4, 3.75, 'team', 1),
(1479, 47, 139, 0, '2024-09-02 00:45:12', NULL, 18, 19, 1, 4, 3.75, 'team', 2),
(1480, 47, 139, 0, '2024-09-02 00:45:12', NULL, 18, 19, 1, 5, 5, 'team', 3),
(1481, 47, 139, 0, '2024-09-02 00:45:12', NULL, 18, 19, 1, 4, 3.75, 'team', 4),
(1482, 47, 139, 0, '2024-09-02 00:45:12', NULL, 18, 19, 1, 3, 2.5, 'team', 5),
(1483, 47, 139, 0, '2024-09-02 00:45:12', NULL, 18, 19, 1, 5, 5, 'team', 6),
(1484, 47, 139, 0, '2024-09-02 00:45:12', NULL, 18, 19, 1, 3, 2.5, 'priv', 7),
(1485, 47, 139, 0, '2024-09-02 00:45:12', NULL, 18, 19, 1, 5, 5, 'priv', 8),
(1486, 47, 139, 0, '2024-09-02 00:45:12', NULL, 18, 19, 1, 4, 3.75, 'priv', 9),
(1487, 47, 139, 0, '2024-09-02 00:45:12', NULL, 18, 19, 1, 4, 3.75, 'do', 10),
(1488, 47, 139, 0, '2024-09-02 00:45:20', NULL, 20, 19, 1, 1, 1, 'team', 1),
(1489, 47, 139, 0, '2024-09-02 00:45:20', NULL, 20, 19, 1, 3, 2.5, 'team', 2),
(1490, 47, 139, 0, '2024-09-02 00:45:20', NULL, 20, 19, 1, 3, 2.5, 'team', 3),
(1491, 47, 139, 0, '2024-09-02 00:45:20', NULL, 20, 19, 1, 3, 2.5, 'team', 4),
(1492, 47, 139, 0, '2024-09-02 00:45:20', NULL, 20, 19, 1, 2, 1.25, 'team', 5),
(1493, 47, 139, 0, '2024-09-02 00:45:20', NULL, 20, 19, 1, 2, 1.25, 'team', 6),
(1494, 47, 139, 0, '2024-09-02 00:45:20', NULL, 20, 19, 1, 1, 1, 'priv', 7),
(1495, 47, 139, 0, '2024-09-02 00:45:20', NULL, 20, 19, 1, 3, 2.5, 'priv', 8),
(1496, 47, 139, 0, '2024-09-02 00:45:20', NULL, 20, 19, 1, 1, 1, 'priv', 9),
(1497, 47, 139, 0, '2024-09-02 00:45:20', NULL, 20, 19, 1, 1, 1, 'do', 10),
(1498, 48, 139, 0, '2024-09-02 00:45:27', NULL, 18, 19, 4, 3, 2.5, 'team', 29),
(1499, 48, 139, 0, '2024-09-02 00:45:27', NULL, 18, 19, 4, 4, 3.75, 'team', 30),
(1500, 48, 139, 0, '2024-09-02 00:45:27', NULL, 18, 19, 4, 3, 2.5, 'team', 31),
(1501, 48, 139, 0, '2024-09-02 00:45:27', NULL, 18, 19, 4, 4, 3.75, 'priv', 32),
(1502, 48, 139, 0, '2024-09-02 00:45:27', NULL, 18, 19, 4, 5, 5, 'priv', 33),
(1503, 48, 139, 0, '2024-09-02 00:45:27', NULL, 18, 19, 4, 3, 2.5, 'priv', 34),
(1504, 48, 139, 0, '2024-09-02 00:45:27', NULL, 18, 19, 4, 5, 5, 'priv', 35),
(1505, 48, 139, 0, '2024-09-02 00:45:27', NULL, 18, 19, 4, 4, 3.75, 'priv', 36),
(1506, 48, 139, 0, '2024-09-02 00:45:27', NULL, 18, 19, 4, 4, 3.75, 'do', 37),
(1507, 48, 139, 0, '2024-09-02 00:45:27', NULL, 18, 19, 4, 5, 5, 'do', 38),
(1508, 48, 139, 0, '2024-09-02 00:45:36', NULL, 20, 19, 4, 1, 1, 'team', 29),
(1509, 48, 139, 0, '2024-09-02 00:45:36', NULL, 20, 19, 4, 1, 1, 'team', 30),
(1510, 48, 139, 0, '2024-09-02 00:45:36', NULL, 20, 19, 4, 1, 1, 'team', 31),
(1511, 48, 139, 0, '2024-09-02 00:45:36', NULL, 20, 19, 4, 1, 1, 'priv', 32),
(1512, 48, 139, 0, '2024-09-02 00:45:36', NULL, 20, 19, 4, 2, 1.25, 'priv', 33),
(1513, 48, 139, 0, '2024-09-02 00:45:36', NULL, 20, 19, 4, 3, 2.5, 'priv', 34),
(1514, 48, 139, 0, '2024-09-02 00:45:36', NULL, 20, 19, 4, 3, 2.5, 'priv', 35),
(1515, 48, 139, 0, '2024-09-02 00:45:36', NULL, 20, 19, 4, 4, 3.75, 'priv', 36),
(1516, 48, 139, 0, '2024-09-02 00:45:36', NULL, 20, 19, 4, 2, 1.25, 'do', 37),
(1517, 48, 139, 0, '2024-09-02 00:45:36', NULL, 20, 19, 4, 1, 1, 'do', 38),
(1518, 49, 139, 0, '2024-09-02 00:45:45', NULL, 18, 19, 4, 5, 5, 'team', 29),
(1519, 49, 139, 0, '2024-09-02 00:45:45', NULL, 18, 19, 4, 3, 3, 'team', 30),
(1520, 49, 139, 0, '2024-09-02 00:45:45', NULL, 18, 19, 4, 3, 3, 'team', 31),
(1521, 49, 139, 0, '2024-09-02 00:45:45', NULL, 18, 19, 4, 3, 3, 'priv', 32),
(1522, 49, 139, 0, '2024-09-02 00:45:45', NULL, 18, 19, 4, 3, 3, 'priv', 33),
(1523, 49, 139, 0, '2024-09-02 00:45:45', NULL, 18, 19, 4, 4, 4, 'priv', 34),
(1524, 49, 139, 0, '2024-09-02 00:45:45', NULL, 18, 19, 4, 3, 3, 'priv', 35),
(1525, 49, 139, 0, '2024-09-02 00:45:45', NULL, 18, 19, 4, 5, 5, 'priv', 36),
(1526, 49, 139, 0, '2024-09-02 00:45:45', NULL, 18, 19, 4, 4, 4, 'do', 37),
(1527, 49, 139, 0, '2024-09-02 00:45:45', NULL, 18, 19, 4, 3, 3, 'do', 38),
(1528, 49, 139, 1, '2024-09-02 00:45:55', NULL, 20, 19, 4, 1, 1, 'team', 29),
(1529, 49, 139, 1, '2024-09-02 00:45:55', NULL, 20, 19, 4, 1, 1, 'team', 30),
(1530, 49, 139, 1, '2024-09-02 00:45:55', NULL, 20, 19, 4, 3, 3, 'team', 31),
(1531, 49, 139, 1, '2024-09-02 00:45:55', NULL, 20, 19, 4, 2, 2, 'priv', 32),
(1532, 49, 139, 1, '2024-09-02 00:45:55', NULL, 20, 19, 4, 4, 4, 'priv', 33),
(1533, 49, 139, 1, '2024-09-02 00:45:55', NULL, 20, 19, 4, 1, 1, 'priv', 34),
(1534, 49, 139, 1, '2024-09-02 00:45:55', NULL, 20, 19, 4, 3, 3, 'priv', 35),
(1535, 49, 139, 1, '2024-09-02 00:45:55', NULL, 20, 19, 4, 1, 1, 'priv', 36),
(1536, 49, 139, 1, '2024-09-02 00:45:55', NULL, 20, 19, 4, 2, 2, 'do', 37),
(1537, 49, 139, 1, '2024-09-02 00:45:55', NULL, 20, 19, 4, 0, 1, 'do', 38),
(1538, 49, 139, 0, '2024-09-02 00:45:59', NULL, 20, 19, 4, 1, 1, 'team', 29),
(1539, 49, 139, 0, '2024-09-02 00:45:59', NULL, 20, 19, 4, 1, 1, 'team', 30),
(1540, 49, 139, 0, '2024-09-02 00:45:59', NULL, 20, 19, 4, 3, 3, 'team', 31),
(1541, 49, 139, 0, '2024-09-02 00:45:59', NULL, 20, 19, 4, 2, 2, 'priv', 32),
(1542, 49, 139, 0, '2024-09-02 00:45:59', NULL, 20, 19, 4, 4, 4, 'priv', 33),
(1543, 49, 139, 0, '2024-09-02 00:45:59', NULL, 20, 19, 4, 1, 1, 'priv', 34),
(1544, 49, 139, 0, '2024-09-02 00:45:59', NULL, 20, 19, 4, 3, 3, 'priv', 35),
(1545, 49, 139, 0, '2024-09-02 00:45:59', NULL, 20, 19, 4, 1, 1, 'priv', 36),
(1546, 49, 139, 0, '2024-09-02 00:45:59', NULL, 20, 19, 4, 2, 2, 'do', 37),
(1547, 49, 139, 0, '2024-09-02 00:45:59', NULL, 20, 19, 4, 1, 1, 'do', 38),
(1548, 47, 139, 0, '2024-09-02 00:46:19', NULL, 19, 18, 1, 4, 5, 'team', 1),
(1549, 47, 139, 0, '2024-09-02 00:46:19', NULL, 19, 18, 1, 3, 3.33333, 'team', 2),
(1550, 47, 139, 0, '2024-09-02 00:46:19', NULL, 19, 18, 1, 4, 5, 'team', 3),
(1551, 47, 139, 0, '2024-09-02 00:46:19', NULL, 19, 18, 1, 3, 3.33333, 'team', 4),
(1552, 47, 139, 0, '2024-09-02 00:46:19', NULL, 19, 18, 1, 3, 3.33333, 'team', 5),
(1553, 47, 139, 0, '2024-09-02 00:46:19', NULL, 19, 18, 1, 4, 5, 'team', 6),
(1554, 47, 139, 0, '2024-09-02 00:46:19', NULL, 19, 18, 1, 3, 3.33333, 'priv', 7),
(1555, 47, 139, 0, '2024-09-02 00:46:19', NULL, 19, 18, 1, 3, 3.33333, 'priv', 8),
(1556, 47, 139, 0, '2024-09-02 00:46:19', NULL, 19, 18, 1, 4, 5, 'priv', 9),
(1557, 47, 139, 0, '2024-09-02 00:46:19', NULL, 19, 18, 1, 3, 3.33333, 'do', 10),
(1558, 47, 139, 0, '2024-09-02 00:46:28', NULL, 20, 18, 1, 1, 1, 'team', 1),
(1559, 47, 139, 0, '2024-09-02 00:46:28', NULL, 20, 18, 1, 2, 1.66667, 'team', 2),
(1560, 47, 139, 0, '2024-09-02 00:46:28', NULL, 20, 18, 1, 1, 1, 'team', 3),
(1561, 47, 139, 0, '2024-09-02 00:46:28', NULL, 20, 18, 1, 2, 1.66667, 'team', 4),
(1562, 47, 139, 0, '2024-09-02 00:46:28', NULL, 20, 18, 1, 3, 3.33333, 'team', 5),
(1563, 47, 139, 0, '2024-09-02 00:46:28', NULL, 20, 18, 1, 1, 1, 'team', 6),
(1564, 47, 139, 0, '2024-09-02 00:46:28', NULL, 20, 18, 1, 2, 1.66667, 'priv', 7),
(1565, 47, 139, 0, '2024-09-02 00:46:28', NULL, 20, 18, 1, 2, 1.66667, 'priv', 8),
(1566, 47, 139, 0, '2024-09-02 00:46:28', NULL, 20, 18, 1, 1, 1, 'priv', 9),
(1567, 47, 139, 0, '2024-09-02 00:46:28', NULL, 20, 18, 1, 3, 3.33333, 'do', 10),
(1568, 48, 139, 0, '2024-09-02 00:46:40', NULL, 19, 18, 4, 3, 3.33333, 'team', 29),
(1569, 48, 139, 0, '2024-09-02 00:46:40', NULL, 19, 18, 4, 3, 3.33333, 'team', 30),
(1570, 48, 139, 0, '2024-09-02 00:46:40', NULL, 19, 18, 4, 4, 5, 'team', 31),
(1571, 48, 139, 0, '2024-09-02 00:46:40', NULL, 19, 18, 4, 3, 3.33333, 'priv', 32),
(1572, 48, 139, 0, '2024-09-02 00:46:40', NULL, 19, 18, 4, 2, 1.66667, 'priv', 33),
(1573, 48, 139, 0, '2024-09-02 00:46:40', NULL, 19, 18, 4, 4, 5, 'priv', 34),
(1574, 48, 139, 0, '2024-09-02 00:46:40', NULL, 19, 18, 4, 2, 1.66667, 'priv', 35),
(1575, 48, 139, 0, '2024-09-02 00:46:40', NULL, 19, 18, 4, 3, 3.33333, 'priv', 36),
(1576, 48, 139, 0, '2024-09-02 00:46:40', NULL, 19, 18, 4, 3, 3.33333, 'do', 37),
(1577, 48, 139, 0, '2024-09-02 00:46:40', NULL, 19, 18, 4, 3, 3.33333, 'do', 38),
(1578, 48, 139, 0, '2024-09-02 00:46:50', NULL, 20, 18, 4, 1, 1, 'team', 29),
(1579, 48, 139, 0, '2024-09-02 00:46:50', NULL, 20, 18, 4, 2, 1.66667, 'team', 30),
(1580, 48, 139, 0, '2024-09-02 00:46:50', NULL, 20, 18, 4, 2, 1.66667, 'team', 31),
(1581, 48, 139, 0, '2024-09-02 00:46:50', NULL, 20, 18, 4, 1, 1, 'priv', 32),
(1582, 48, 139, 0, '2024-09-02 00:46:50', NULL, 20, 18, 4, 2, 1.66667, 'priv', 33),
(1583, 48, 139, 0, '2024-09-02 00:46:50', NULL, 20, 18, 4, 1, 1, 'priv', 34),
(1584, 48, 139, 0, '2024-09-02 00:46:50', NULL, 20, 18, 4, 4, 5, 'priv', 35),
(1585, 48, 139, 0, '2024-09-02 00:46:50', NULL, 20, 18, 4, 1, 1, 'priv', 36),
(1586, 48, 139, 0, '2024-09-02 00:46:50', NULL, 20, 18, 4, 1, 1, 'do', 37),
(1587, 48, 139, 0, '2024-09-02 00:46:50', NULL, 20, 18, 4, 2, 1.66667, 'do', 38),
(1588, 49, 139, 0, '2024-09-02 00:46:58', NULL, 19, 18, 4, 3, 3.33333, 'team', 29),
(1589, 49, 139, 0, '2024-09-02 00:46:58', NULL, 19, 18, 4, 4, 5, 'team', 30),
(1590, 49, 139, 0, '2024-09-02 00:46:58', NULL, 19, 18, 4, 4, 5, 'team', 31),
(1591, 49, 139, 0, '2024-09-02 00:46:58', NULL, 19, 18, 4, 4, 5, 'priv', 32),
(1592, 49, 139, 0, '2024-09-02 00:46:58', NULL, 19, 18, 4, 2, 1.66667, 'priv', 33),
(1593, 49, 139, 0, '2024-09-02 00:46:58', NULL, 19, 18, 4, 3, 3.33333, 'priv', 34),
(1594, 49, 139, 0, '2024-09-02 00:46:58', NULL, 19, 18, 4, 3, 3.33333, 'priv', 35),
(1595, 49, 139, 0, '2024-09-02 00:46:58', NULL, 19, 18, 4, 2, 1.66667, 'priv', 36),
(1596, 49, 139, 0, '2024-09-02 00:46:58', NULL, 19, 18, 4, 4, 5, 'do', 37),
(1597, 49, 139, 0, '2024-09-02 00:46:58', NULL, 19, 18, 4, 3, 3.33333, 'do', 38),
(1598, 49, 139, 0, '2024-09-02 00:47:06', NULL, 20, 18, 4, 1, 1, 'team', 29),
(1599, 49, 139, 0, '2024-09-02 00:47:06', NULL, 20, 18, 4, 2, 1.66667, 'team', 30),
(1600, 49, 139, 0, '2024-09-02 00:47:06', NULL, 20, 18, 4, 2, 1.66667, 'team', 31),
(1601, 49, 139, 0, '2024-09-02 00:47:06', NULL, 20, 18, 4, 2, 1.66667, 'priv', 32),
(1602, 49, 139, 0, '2024-09-02 00:47:06', NULL, 20, 18, 4, 2, 1.66667, 'priv', 33),
(1603, 49, 139, 0, '2024-09-02 00:47:06', NULL, 20, 18, 4, 1, 1, 'priv', 34),
(1604, 49, 139, 0, '2024-09-02 00:47:06', NULL, 20, 18, 4, 4, 5, 'priv', 35),
(1605, 49, 139, 0, '2024-09-02 00:47:06', NULL, 20, 18, 4, 1, 1, 'priv', 36),
(1606, 49, 139, 0, '2024-09-02 00:47:06', NULL, 20, 18, 4, 2, 1.66667, 'do', 37),
(1607, 49, 139, 0, '2024-09-02 00:47:06', NULL, 20, 18, 4, 2, 1.66667, 'do', 38),
(1608, 50, 140, 0, '2024-09-02 01:16:26', NULL, 18, 20, 1, 3, 3, 'team', 1),
(1609, 50, 140, 0, '2024-09-02 01:16:26', NULL, 18, 20, 1, 3, 3, 'team', 2),
(1610, 50, 140, 0, '2024-09-02 01:16:26', NULL, 18, 20, 1, 3, 3, 'team', 3),
(1611, 50, 140, 0, '2024-09-02 01:16:26', NULL, 18, 20, 1, 3, 3, 'team', 4),
(1612, 50, 140, 0, '2024-09-02 01:16:26', NULL, 18, 20, 1, 3, 3, 'team', 5),
(1613, 50, 140, 0, '2024-09-02 01:16:26', NULL, 18, 20, 1, 3, 3, 'team', 6),
(1614, 50, 140, 0, '2024-09-02 01:16:26', NULL, 18, 20, 1, 3, 3, 'priv', 7),
(1615, 50, 140, 0, '2024-09-02 01:16:26', NULL, 18, 20, 1, 3, 3, 'priv', 8),
(1616, 50, 140, 0, '2024-09-02 01:16:26', NULL, 18, 20, 1, 3, 3, 'priv', 9),
(1617, 50, 140, 0, '2024-09-02 01:16:26', NULL, 18, 20, 1, 3, 3, 'do', 10),
(1618, 50, 140, 0, '2024-09-02 01:16:34', NULL, 19, 20, 1, 3, 3, 'team', 1),
(1619, 50, 140, 0, '2024-09-02 01:16:34', NULL, 19, 20, 1, 3, 3, 'team', 2),
(1620, 50, 140, 0, '2024-09-02 01:16:34', NULL, 19, 20, 1, 3, 3, 'team', 3),
(1621, 50, 140, 0, '2024-09-02 01:16:34', NULL, 19, 20, 1, 3, 3, 'team', 4),
(1622, 50, 140, 0, '2024-09-02 01:16:34', NULL, 19, 20, 1, 3, 3, 'team', 5),
(1623, 50, 140, 0, '2024-09-02 01:16:34', NULL, 19, 20, 1, 3, 3, 'team', 6),
(1624, 50, 140, 0, '2024-09-02 01:16:34', NULL, 19, 20, 1, 3, 3, 'priv', 7),
(1625, 50, 140, 0, '2024-09-02 01:16:34', NULL, 19, 20, 1, 3, 3, 'priv', 8),
(1626, 50, 140, 0, '2024-09-02 01:16:34', NULL, 19, 20, 1, 3, 3, 'priv', 9),
(1627, 50, 140, 0, '2024-09-02 01:16:34', NULL, 19, 20, 1, 3, 3, 'do', 10),
(1628, 51, 140, 0, '2024-09-02 01:16:42', NULL, 18, 20, 4, 5, 5, 'team', 29),
(1629, 51, 140, 0, '2024-09-02 01:16:42', NULL, 18, 20, 4, 4, 3.75, 'team', 30),
(1630, 51, 140, 0, '2024-09-02 01:16:42', NULL, 18, 20, 4, 5, 5, 'team', 31),
(1631, 51, 140, 0, '2024-09-02 01:16:42', NULL, 18, 20, 4, 3, 2.5, 'priv', 32),
(1632, 51, 140, 0, '2024-09-02 01:16:42', NULL, 18, 20, 4, 5, 5, 'priv', 33),
(1633, 51, 140, 0, '2024-09-02 01:16:42', NULL, 18, 20, 4, 4, 3.75, 'priv', 34),
(1634, 51, 140, 0, '2024-09-02 01:16:42', NULL, 18, 20, 4, 5, 5, 'priv', 35),
(1635, 51, 140, 0, '2024-09-02 01:16:42', NULL, 18, 20, 4, 3, 2.5, 'priv', 36),
(1636, 51, 140, 0, '2024-09-02 01:16:42', NULL, 18, 20, 4, 5, 5, 'do', 37),
(1637, 51, 140, 0, '2024-09-02 01:16:42', NULL, 18, 20, 4, 4, 3.33333, 'do', 38),
(1638, 51, 140, 0, '2024-09-02 01:16:51', NULL, 19, 20, 4, 2, 1.25, 'team', 29),
(1639, 51, 140, 0, '2024-09-02 01:16:51', NULL, 19, 20, 4, 1, 1, 'team', 30),
(1640, 51, 140, 0, '2024-09-02 01:16:51', NULL, 19, 20, 4, 2, 1.25, 'team', 31),
(1641, 51, 140, 0, '2024-09-02 01:16:51', NULL, 19, 20, 4, 1, 1, 'priv', 32),
(1642, 51, 140, 0, '2024-09-02 01:16:51', NULL, 19, 20, 4, 3, 2.5, 'priv', 33),
(1643, 51, 140, 0, '2024-09-02 01:16:51', NULL, 19, 20, 4, 1, 1, 'priv', 34),
(1644, 51, 140, 0, '2024-09-02 01:16:51', NULL, 19, 20, 4, 2, 1.25, 'priv', 35),
(1645, 51, 140, 0, '2024-09-02 01:16:51', NULL, 19, 20, 4, 3, 2.5, 'priv', 36),
(1646, 51, 140, 0, '2024-09-02 01:16:51', NULL, 19, 20, 4, 2, 1, 'do', 37),
(1647, 51, 140, 0, '2024-09-02 01:16:51', NULL, 19, 20, 4, 2, 1, 'do', 38),
(1648, 52, 140, 0, '2024-09-02 01:16:59', NULL, 18, 20, 1, 3, 1.66667, 'team', 1),
(1649, 52, 140, 0, '2024-09-02 01:16:59', NULL, 18, 20, 1, 3, 1.66667, 'team', 2),
(1650, 52, 140, 0, '2024-09-02 01:16:59', NULL, 18, 20, 1, 3, 1.66667, 'team', 3),
(1651, 52, 140, 0, '2024-09-02 01:16:59', NULL, 18, 20, 1, 3, 1.66667, 'team', 4),
(1652, 52, 140, 0, '2024-09-02 01:16:59', NULL, 18, 20, 1, 3, 1.66667, 'team', 5),
(1653, 52, 140, 0, '2024-09-02 01:16:59', NULL, 18, 20, 1, 3, 1.66667, 'team', 6),
(1654, 52, 140, 0, '2024-09-02 01:16:59', NULL, 18, 20, 1, 3, 2.5, 'priv', 7),
(1655, 52, 140, 0, '2024-09-02 01:16:59', NULL, 18, 20, 1, 3, 2.5, 'priv', 8),
(1656, 52, 140, 0, '2024-09-02 01:16:59', NULL, 18, 20, 1, 3, 2.5, 'priv', 9),
(1657, 52, 140, 0, '2024-09-02 01:16:59', NULL, 18, 20, 1, 3, 5, 'do', 10),
(1658, 52, 140, 0, '2024-09-02 01:17:09', NULL, 19, 20, 1, 2, 1, 'team', 1),
(1659, 52, 140, 0, '2024-09-02 01:17:09', NULL, 19, 20, 1, 5, 5, 'team', 2),
(1660, 52, 140, 0, '2024-09-02 01:17:09', NULL, 19, 20, 1, 2, 1, 'team', 3),
(1661, 52, 140, 0, '2024-09-02 01:17:09', NULL, 19, 20, 1, 5, 5, 'team', 4),
(1662, 52, 140, 0, '2024-09-02 01:17:09', NULL, 19, 20, 1, 4, 3.33333, 'team', 5),
(1663, 52, 140, 0, '2024-09-02 01:17:09', NULL, 19, 20, 1, 2, 1, 'team', 6),
(1664, 52, 140, 0, '2024-09-02 01:17:09', NULL, 19, 20, 1, 4, 5, 'priv', 7),
(1665, 52, 140, 0, '2024-09-02 01:17:09', NULL, 19, 20, 1, 2, 1, 'priv', 8),
(1666, 52, 140, 0, '2024-09-02 01:17:09', NULL, 19, 20, 1, 2, 1, 'priv', 9),
(1667, 52, 140, 0, '2024-09-02 01:17:09', NULL, 19, 20, 1, 1, 1, 'do', 10),
(1668, 50, 140, 0, '2024-09-02 01:17:30', NULL, 18, 19, 1, 4, 5, 'team', 1),
(1669, 50, 140, 0, '2024-09-02 01:17:30', NULL, 18, 19, 1, 4, 5, 'team', 2),
(1670, 50, 140, 0, '2024-09-02 01:17:30', NULL, 18, 19, 1, 4, 5, 'team', 3),
(1671, 50, 140, 0, '2024-09-02 01:17:30', NULL, 18, 19, 1, 4, 5, 'team', 4),
(1672, 50, 140, 0, '2024-09-02 01:17:30', NULL, 18, 19, 1, 4, 5, 'team', 5),
(1673, 50, 140, 0, '2024-09-02 01:17:30', NULL, 18, 19, 1, 4, 5, 'team', 6),
(1674, 50, 140, 0, '2024-09-02 01:17:31', NULL, 18, 19, 1, 4, 5, 'priv', 7),
(1675, 50, 140, 0, '2024-09-02 01:17:31', NULL, 18, 19, 1, 4, 5, 'priv', 8),
(1676, 50, 140, 0, '2024-09-02 01:17:31', NULL, 18, 19, 1, 4, 5, 'priv', 9),
(1677, 50, 140, 0, '2024-09-02 01:17:31', NULL, 18, 19, 1, 4, 5, 'do', 10),
(1678, 50, 140, 0, '2024-09-02 01:17:41', NULL, 20, 19, 1, 2, 1.66667, 'team', 1),
(1679, 50, 140, 0, '2024-09-02 01:17:41', NULL, 20, 19, 1, 2, 1.66667, 'team', 2),
(1680, 50, 140, 0, '2024-09-02 01:17:41', NULL, 20, 19, 1, 1, 1, 'team', 3),
(1681, 50, 140, 0, '2024-09-02 01:17:41', NULL, 20, 19, 1, 3, 3.33333, 'team', 4),
(1682, 50, 140, 0, '2024-09-02 01:17:41', NULL, 20, 19, 1, 1, 1, 'team', 5),
(1683, 50, 140, 0, '2024-09-02 01:17:41', NULL, 20, 19, 1, 2, 1.66667, 'team', 6),
(1684, 50, 140, 0, '2024-09-02 01:17:41', NULL, 20, 19, 1, 3, 3.33333, 'priv', 7),
(1685, 50, 140, 0, '2024-09-02 01:17:41', NULL, 20, 19, 1, 1, 1, 'priv', 8),
(1686, 50, 140, 0, '2024-09-02 01:17:41', NULL, 20, 19, 1, 1, 1, 'priv', 9),
(1687, 50, 140, 0, '2024-09-02 01:17:41', NULL, 20, 19, 1, 2, 1, 'do', 10),
(1688, 51, 140, 0, '2024-09-02 01:17:50', NULL, 18, 19, 4, 4, 3.75, 'team', 29),
(1689, 51, 140, 0, '2024-09-02 01:17:50', NULL, 18, 19, 4, 5, 5, 'team', 30),
(1690, 51, 140, 0, '2024-09-02 01:17:50', NULL, 18, 19, 4, 3, 2.5, 'team', 31),
(1691, 51, 140, 0, '2024-09-02 01:17:50', NULL, 18, 19, 4, 5, 5, 'priv', 32),
(1692, 51, 140, 0, '2024-09-02 01:17:50', NULL, 18, 19, 4, 3, 2.5, 'priv', 33),
(1693, 51, 140, 0, '2024-09-02 01:17:50', NULL, 18, 19, 4, 4, 3.75, 'priv', 34),
(1694, 51, 140, 0, '2024-09-02 01:17:50', NULL, 18, 19, 4, 3, 2.5, 'priv', 35),
(1695, 51, 140, 0, '2024-09-02 01:17:50', NULL, 18, 19, 4, 5, 5, 'priv', 36),
(1696, 51, 140, 0, '2024-09-02 01:17:50', NULL, 18, 19, 4, 3, 2.5, 'do', 37),
(1697, 51, 140, 0, '2024-09-02 01:17:50', NULL, 18, 19, 4, 4, 5, 'do', 38),
(1698, 51, 140, 0, '2024-09-02 01:17:58', NULL, 20, 19, 4, 2, 1.25, 'team', 29),
(1699, 51, 140, 0, '2024-09-02 01:17:58', NULL, 20, 19, 4, 3, 2.5, 'team', 30),
(1700, 51, 140, 0, '2024-09-02 01:17:58', NULL, 20, 19, 4, 1, 1, 'team', 31),
(1701, 51, 140, 0, '2024-09-02 01:17:58', NULL, 20, 19, 4, 3, 2.5, 'priv', 32),
(1702, 51, 140, 0, '2024-09-02 01:17:58', NULL, 20, 19, 4, 2, 1.25, 'priv', 33),
(1703, 51, 140, 0, '2024-09-02 01:17:58', NULL, 20, 19, 4, 3, 2.5, 'priv', 34),
(1704, 51, 140, 0, '2024-09-02 01:17:58', NULL, 20, 19, 4, 2, 1.25, 'priv', 35),
(1705, 51, 140, 0, '2024-09-02 01:17:58', NULL, 20, 19, 4, 1, 1, 'priv', 36),
(1706, 51, 140, 0, '2024-09-02 01:17:58', NULL, 20, 19, 4, 2, 1, 'do', 37),
(1707, 51, 140, 0, '2024-09-02 01:17:58', NULL, 20, 19, 4, 2, 1, 'do', 38),
(1708, 52, 140, 0, '2024-09-02 01:18:06', NULL, 18, 19, 1, 3, 2.5, 'team', 1),
(1709, 52, 140, 0, '2024-09-02 01:18:06', NULL, 18, 19, 1, 4, 3.75, 'team', 2),
(1710, 52, 140, 0, '2024-09-02 01:18:06', NULL, 18, 19, 1, 3, 2.5, 'team', 3),
(1711, 52, 140, 0, '2024-09-02 01:18:06', NULL, 18, 19, 1, 5, 5, 'team', 4),
(1712, 52, 140, 0, '2024-09-02 01:18:06', NULL, 18, 19, 1, 3, 2.5, 'team', 5),
(1713, 52, 140, 0, '2024-09-02 01:18:06', NULL, 18, 19, 1, 4, 3.75, 'team', 6),
(1714, 52, 140, 0, '2024-09-02 01:18:06', NULL, 18, 19, 1, 3, 2.5, 'priv', 7),
(1715, 52, 140, 0, '2024-09-02 01:18:06', NULL, 18, 19, 1, 5, 5, 'priv', 8),
(1716, 52, 140, 0, '2024-09-02 01:18:06', NULL, 18, 19, 1, 4, 3.75, 'priv', 9),
(1717, 52, 140, 0, '2024-09-02 01:18:06', NULL, 18, 19, 1, 3, 5, 'do', 10),
(1718, 52, 140, 0, '2024-09-02 01:18:15', NULL, 20, 19, 1, 1, 1, 'team', 1),
(1719, 52, 140, 0, '2024-09-02 01:18:15', NULL, 20, 19, 1, 2, 1.25, 'team', 2),
(1720, 52, 140, 0, '2024-09-02 01:18:15', NULL, 20, 19, 1, 2, 1.25, 'team', 3),
(1721, 52, 140, 0, '2024-09-02 01:18:15', NULL, 20, 19, 1, 2, 1.25, 'team', 4),
(1722, 52, 140, 0, '2024-09-02 01:18:15', NULL, 20, 19, 1, 1, 1, 'team', 5),
(1723, 52, 140, 0, '2024-09-02 01:18:15', NULL, 20, 19, 1, 2, 1.25, 'team', 6),
(1724, 52, 140, 0, '2024-09-02 01:18:15', NULL, 20, 19, 1, 2, 1.25, 'priv', 7),
(1725, 52, 140, 0, '2024-09-02 01:18:15', NULL, 20, 19, 1, 1, 1, 'priv', 8),
(1726, 52, 140, 0, '2024-09-02 01:18:15', NULL, 20, 19, 1, 2, 1.25, 'priv', 9),
(1727, 52, 140, 0, '2024-09-02 01:18:15', NULL, 20, 19, 1, 1, 1, 'do', 10);

-- --------------------------------------------------------

--
-- 테이블 구조 `task_log`
--

CREATE TABLE `task_log` (
  `num` int(11) NOT NULL,
  `name` char(200) DEFAULT NULL,
  `createdAt` datetime DEFAULT current_timestamp(),
  `photo` char(100) DEFAULT NULL,
  `isActive` int(11) DEFAULT 0,
  `description` char(200) DEFAULT NULL,
  `uploader` int(11) DEFAULT NULL
) ENGINE=InnoDB DEFAULT CHARSET=utf8 COLLATE=utf8_general_ci;

-- --------------------------------------------------------

--
-- 테이블 구조 `task_type`
--

CREATE TABLE `task_type` (
  `num` int(11) NOT NULL,
  `task` int(11) DEFAULT NULL,
  `name` char(20) DEFAULT NULL,
  `isActive` int(11) DEFAULT 0,
  `createdAt` datetime DEFAULT current_timestamp(),
  `updatedAt` char(20) DEFAULT NULL
) ENGINE=InnoDB DEFAULT CHARSET=utf8 COLLATE=utf8_general_ci;

--
-- 테이블의 덤프 데이터 `task_type`
--

INSERT INTO `task_type` (`num`, `task`, `name`, `isActive`, `createdAt`, `updatedAt`) VALUES
(1, NULL, '문제해결 및 개선', 0, '2024-07-29 20:19:37', NULL),
(2, NULL, '보고서 작성 및 발표', 0, '2024-07-29 20:19:47', NULL),
(3, NULL, '아이디어 및 기획', 0, '2024-07-29 20:19:55', NULL),
(4, NULL, '정보분석 및 토론', 0, '2024-07-29 20:20:06', NULL);

-- --------------------------------------------------------

--
-- 테이블 구조 `teample`
--

CREATE TABLE `teample` (
  `num` int(11) NOT NULL,
  `isActive` int(11) DEFAULT 0,
  `createdAt` datetime DEFAULT current_timestamp(),
  `fin_date` date DEFAULT '2024-12-20',
  `uploader` int(11) DEFAULT 0,
  `leader` int(11) DEFAULT NULL,
  `updatedAt` char(20) DEFAULT NULL,
  `category` int(11) DEFAULT NULL,
  `photo` char(40) DEFAULT NULL,
  `description` char(200) DEFAULT NULL,
  `name` char(100) DEFAULT NULL,
  `count` int(11) DEFAULT 0,
  `score` int(11) DEFAULT 0,
  `lead_teample` int(11) DEFAULT 0,
  `Status` int(11) DEFAULT 0,
  `current_progress` float NOT NULL,
  `expected_progress` float NOT NULL,
  `result` text NOT NULL
) ENGINE=InnoDB DEFAULT CHARSET=utf8 COLLATE=utf8_general_ci;

--
-- 테이블의 덤프 데이터 `teample`
--

INSERT INTO `teample` (`num`, `isActive`, `createdAt`, `fin_date`, `uploader`, `leader`, `updatedAt`, `category`, `photo`, `description`, `name`, `count`, `score`, `lead_teample`, `Status`, `current_progress`, `expected_progress`, `result`) VALUES
(1, 0, '2024-07-18 16:45:29', '2024-12-20', 2, 2, '2024-08-25 22:31:40', 1, '2024_07_18_16_44_380.jpeg', '식품영양학 F조 입니다. \r\n이상한 사람은 바로 강퇴합니다.', '24학년도 팀고대학고 식품영양학 F조', 3, 34, NULL, 0, 0, 0, '### 진행상황\n    ## 프로젝트 기간: 07월 18일 ~ 12월 20일\n    ## 프로젝트 명: 24학년도 팀고대학고 식품영양학 F조\n    ## 현재 날짜: 09월 06일\n    ## 목표 회의 횟수: 3회\n    ## 진행한 회의 횟수: 0회\n    ## 진행률: 0.0%\n    ## 진행한 회의:\n\n    ## 분석결과\n    1. 초기 계획 수립 필요성: 프로젝트 시작 전, 팀원 간의 역할 분담과 목표 설정이 중요함.\n    2. 팀원 간의 소통 부족: 프로젝트 진행 중 팀원 간의 소통이 원활하지 않음.\n\n    ## 개선점\n    1. 회의 빈도 확대: 주 2회 이상 회의를 통해 지속적으로 프로젝트 진행 상황을 점검하고 논의.\n    2. 명확한 역할 정의: 각 팀원에게 명확한 역할과 책임을 부여하여 프로젝트의 효율성을 높임.'),
(2, 0, '2024-07-19 10:17:12', '2024-12-20', 2, 2, '2024-07-19 10:17:20', 5, '2024_07_19_10_16_370.png', '마흔 넘어 다시 읽는 나의 라임오렌지나무 모임입니다.', '나의 라임오렌지나무 강독 팀고', 10, 80, NULL, 1, 0, 0, ''),
(3, 0, '2024-07-26 23:55:51', '2024-12-20', 4, 4, '2024-07-26 23:55:59', 5, '2024_07_26_23_55_270.png', '새벽 당구 크루 모집 \r\n목표는 300 / 주 2회', '새벽 당구 크루 모집', 10, 90, NULL, 1, 0, 0, ''),
(4, 0, '2024-07-30 08:37:35', '2024-12-20', 2, 2, '2024-07-30 08:38:16', 2, '2024_07_30_08_37_230.JPG', '이상하다!gg', '이상한 나라의 앨리스 팀플', 19, 93, NULL, 1, 0, 0, ''),
(5, 0, '2024-08-02 09:14:02', '2024-12-20', 7, 7, '2024-08-02 09:14:07', 4, '2024_08_02_09_13_520.png', '강한자만', '스파트란레이스팀플', 7, 27, NULL, 0, 0, 0, '### 진행상황\n    ## 프로젝트 기간: 08월 02일 ~ 12월 20일\n    ## 프로젝트 명: 스파트란레이스팀플\n    ## 현재 날짜: 09월 06일\n    ## 목표 회의 횟수: 7회\n    ## 진행한 회의 횟수: 0회\n    ## 진행률: 0.0%\n    ## 진행한 회의:\n\n    - 1회: 09월 06일, 프로젝트 개요 및 목표 설정\n\n    ## 분석결과\n    1. 초기 계획 수립이 필요함\n    2. 팀원들의 역할 분담이 명확해야 함\n\n    ## 개선점\n    1. 회의 주제와 목표를 명확히 설정\n    2. 각 회의에 대한 정리 문서 작성\n\n### 추가 내용 (추가적인 분석결과나 개선점이 있다면 추가)\n    ## 추가 분석결과\n    3. 프로젝트 일정 관리 시스템 도입 필요\n    4. 중간 목표 설정 및 평가 방안 마련\n\n    ## 추가 개선점\n    3. 프로젝트 진행 상황을 정기적으로 공유\n    4. 팀원 간 소통을 활성화시키기 위한 방법 마련\n\n이와 같이 업데이트된 진행 상황을 제공합니다. 추가적인 분석결과나 개선점이 있다면 이를 반영하여 업데이트할 수 있습니다.'),
(24, 1, '2024-08-05 09:29:34', '2024-12-20', 3, 3, NULL, 1, '2024_08_05_09_27_440.png', '테스트용 리드팀플', '리드팀플 테스트_lead_1조', 10, 90, 6, 0, 0, 0, '### 진행상황\n    ## 프로젝트 기간: 08월 05일 ~ 12월 20일\n    ## 프로젝트 명: 리드팀플 테스트_lead_1조\n    ## 현재 날짜: 09월 06일\n    ## 목표 회의 횟수: 10회\n    ## 진행한 회의 횟수: 0회\n    ## 진행률: 0.0%\n    ## 진행한 회의:\n    \n    ## 분석결과\n    1. 초기 프로젝트 계획 수립이 완료되었으나, 구체적인 실행 계획이 부족하다.\n    2. 팀원들의 역량과 역할 분담에 대한 명확한 정의가 필요하다.\n\n    ## 개선점\n    1. 프로젝트 초기 단계에서 구체적인 실행 계획을 세우는 것이 중요하다.\n    2. 팀원들과의 소통을 강화하여 역할과 역량에 대한 명확한 정의를 도출해야 한다.\n    3. 회의 빈도를 목표에 맞게 조정하여 진행률을 높일 필요가 있다.'),
(25, 1, '2024-08-05 09:29:34', '2024-12-20', 3, 3, NULL, 1, '2024_08_05_09_27_440.png', '테스트용 리드팀플', '리드팀플 테스트_lead_2조', 10, 90, 6, 0, 0, 0, '### 진행상황\n    ## 프로젝트 기간: 08월 05일 ~ 12월 20일\n    ## 프로젝트 명: 리드팀플 테스트_lead_2조\n    ## 현재 날짜: 09월 06일\n    ## 목표 회의 횟수: 10회\n    ## 진행한 회의 횟수: 0회\n    ## 진행률: 0.0%\n    ## 진행한 회의:\n    \n    ## 분석결과\n    1. 초기 프로젝트 계획 수립 필요성\n    2. 팀원들의 역할 및 책임 분담 명확화 필요\n   ...\n\n    ## 개선점\n    1. 프로젝트 일정 관리 시스템 도입 필요\n    2. 주기적인 회의 일정 확보 및 준수\n   ...'),
(26, 1, '2024-08-05 09:29:34', '2024-12-20', 3, 3, NULL, 1, '2024_08_05_09_27_440.png', '테스트용 리드팀플', '리드팀플 테스트_lead_3조', 10, 90, 6, 0, 0, 0, '### 진행상황\n    ## 프로젝트 기간: 08월 05일 ~ 12월 20일\n    ## 프로젝트 명: 리드팀플 테스트_lead_3조\n    ## 현재 날짜: 09월 06일\n    ## 목표 회의 횟수: 10회\n    ## 진행한 회의 횟수: 0회\n    ## 진행률: 0.0%\n    ## 진행한 회의:\n    \n    ## 분석결과\n    1. 프로젝트 시작 전, 프로젝트 목표와 계획을 명확히 설정해야 할 필요가 있음.\n    2. 초기 분석 결과, 팀원들의 역할과 책임을 명확히 하지 않으면 프로젝트 진행에 어려움이 예상됨.\n\n    ## 개선점\n    1. 프로젝트 초기 단계에서 팀원들의 역할과 책임을 명확히 정의하고, 이를 문서화하는 것이 중요함.\n    2. 회의 계획을 세우고, 정기적으로 진행 상황을 점검하여 미리 문제를 예방해야 함.'),
(27, 1, '2024-08-05 09:29:34', '2024-12-20', 3, 3, NULL, 1, '2024_08_05_09_27_440.png', '테스트용 리드팀플', '리드팀플 테스트_lead_4조', 10, 90, 6, 0, 0, 0, '### 진행상황\n    ## 프로젝트 기간: 08월 05일 ~ 12월 20일\n    ## 프로젝트 명: 리드팀플 테스트_lead_4조\n    ## 현재 날짜: 09월 06일\n    ## 목표 회의 횟수: 10회\n    ## 진행한 회의 횟수: 0회\n    ## 진행률: 0.0%\n    ## 진행한 회의:\n    \n    ## 분석결과\n    1. 현재 프로젝트 진행 상황은 매우 초기 단계에 있으며, 회의 계획이 아직 시작되지 않았습니다.\n    2. 프로젝트 목표와 일정에 대한 명확한 이해가 필요합니다.\n\n    ## 개선점\n    1. 회의 계획을 신속하게 수립하여 프로젝트 진행에 필요한 의사결정을 신속히 내립니다.\n    2. 초기 분석 결과를 바탕으로 프로젝트 목표를 명확히 정의하고, 이를 모든 팀원에게 공유합니다.'),
(28, 1, '2024-08-05 10:27:24', '2024-12-20', 3, 3, NULL, 1, '2024_08_05_10_02_410.png', '리드팀플테스트2', '리드팀플테스트2_lead_1조', 10, 90, 7, 0, 0, 0, '### 진행상황\n    ## 프로젝트 기간: 08월 05일 ~ 12월 20일\n    ## 프로젝트 명: 리드팀플테스트2_lead_1조\n    ## 현재 날짜: 09월 06일\n    ## 목표 회의 횟수: 10회\n    ## 진행한 회의 횟수: 0회\n    ## 진행률: 0.0%\n    ## 진행한 회의:\n    \n    ## 분석결과\n    1. 현재까지 프로젝트 계획이 명확히 정해지지 않았으며, 주요 목표와 구체적인 일정에 대한 논의가 필요하다.\n    2. 리드팀의 역할과 책임 분담에 대한 명확한 정의가 필요하다.\n\n    ## 개선점\n    1. 프로젝트 초기에 구체적인 목표와 일정 설정을 철저히 해야 한다.\n    2. 팀원 간의 소통이 원활하지 않아, 정기적인 회의를 통해 의견을 공유하고 협력 방안을 마련해야 한다.'),
(29, 1, '2024-08-05 10:27:24', '2024-12-20', 3, 3, NULL, 1, '2024_08_05_10_02_410.png', '리드팀플테스트2', '리드팀플테스트2_lead_2조', 10, 90, 7, 0, 0, 0, '### 진행상황\n    ## 프로젝트 기간: 08월 05일 ~ 12월 20일\n    ## 프로젝트 명: 리드팀플테스트2_lead_2조\n    ## 현재 날짜: 09월 06일\n    ## 목표 회의 횟수: 10회\n    ## 진행한 회의 횟수: 0회\n    ## 진행률: 0.0%\n    ## 진행한 회의:\n    \n    ## 분석결과\n    1. 초기 계획 수립 및 목표 설정이 필요합니다.\n    2. 프로젝트 일정과 역할 분담을 명확히 해야 합니다.\n\n    ## 개선점\n    1. 프로젝트 초기에 명확한 목표와 일정 설정이 중요합니다.\n    2. 팀원 간의 소통과 협력이 원활하게 이루어져야 합니다.'),
(30, 1, '2024-08-05 10:27:24', '2024-12-20', 3, 3, NULL, 1, '2024_08_05_10_02_410.png', '리드팀플테스트2', '리드팀플테스트2_lead_3조', 10, 90, 7, 0, 0, 0, '### 진행상황\n    ## 프로젝트 기간: 08월 05일 ~ 12월 20일\n    ## 프로젝트 명: 리드팀플테스트2_lead_3조\n    ## 현재 날짜: 09월 06일\n    ## 목표 회의 횟수: 10회\n    ## 진행한 회의 횟수: 0회\n    ## 진행률: 0.0%\n    ## 진행한 회의:\n    \n    ## 분석결과\n    1. 초기 계획 수립에 대한 검토 필요성.\n    2. 팀원 간 의사소통의 중요성 재확인.\n\n    ## 개선점\n    1. 프로젝트 일정 관리 시스템 도입 필요성.\n    2. 정기적인 피드백 회피 방안 마련.'),
(31, 1, '2024-08-05 10:27:24', '2024-12-20', 3, 3, NULL, 1, '2024_08_05_10_02_410.png', '리드팀플테스트2', '리드팀플테스트2_lead_4조', 10, 90, 7, 0, 0, 0, '### 진행상황\n    ## 프로젝트 기간: 08월 05일 ~ 12월 20일\n    ## 프로젝트 명: 리드팀플테스트2_lead_4조\n    ## 현재 날짜: 09월 06일\n    ## 목표 회의 횟수: 10회\n    ## 진행한 회의 횟수: 0회\n    ## 진행률: 0.0%\n    ## 진행한 회의:\n\n    ## 분석결과\n    1. 프로젝트 초기 단계에서 팀 구성 및 역할 분담이 완료되었으며, 프로젝트 목표와 기대 효과를 명확히 했다.\n    2. 초기 계획 수립 과정에서 주요 도전 과제와 우선순위를 정했다.\n\n    ## 개선점\n    1. 프로젝트 일정 관리를 위해 주기적인 회의를 통해 진행 상황을 점검하고, 필요 시 계획을 조정해야 한다.\n    2. 각 팀원 간의 소통을 활성화시키기 위해 추가적인 커뮤니케이션 채널을 마련해야 한다.'),
(32, 0, '2024-08-05 10:28:25', '2024-12-20', 3, 3, '2024-08-05 10:28:32', 1, '', '일반테스트', '일반테스트팀플즈1', 10, 90, NULL, 0, 0, 0, '### 진행상황\n    ## 프로젝트 기간: 08월 05일 ~ 12월 20일\n    ## 프로젝트 명: 일반테스트팀플즈1\n    ## 현재 날짜: 09월 06일\n    ## 목표 회의 횟수: 10회\n    ## 진행한 회의 횟수: 0회\n    ## 진행률: 0.0%\n    ## 진행한 회의:\n    \n    ## 분석결과\n    1. 초기 프로젝트 계획 수립 및 목표 설정이 필요하다.\n    2. 팀 구성원과의 소통이 부족하여 협업 효율성을 높여야 한다.\n   ...\n\n    ## 개선점\n    1. 프로젝트 일정과 목표를 명확히 정의하고, 이를 팀원들에게 전달해야 한다.\n    2. 주기적인 팀 회의를 통해 진행 상황을 공유하고, 문제를 조정해야 한다.\n   ...'),
(69, 0, '2024-08-09 00:53:17', '2024-12-20', 2, 2, NULL, 1, '2024_08_06_06_57_590.png', '팀고대 24년도 공예교수님 수업입니다. 팀플은 나중에 직접 교수님이 배정합니다!!', '팀고대 24년도 공예교수님 수업_lead_1조', 10, 90, 1, 0, 0, 0, '### 진행상황\n    ## 프로젝트 기간: 08월 09일 ~ 12월 20일\n    ## 프로젝트 명: 팀고대 24년도 공예교수님 수업_lead_1조\n    ## 현재 날짜: 09월 06일\n    ## 목표 회의 횟수: 10회\n    ## 진행한 회의 횟수: 0회\n    ## 진행률: 0.0%\n    ## 진행한 회의:\n    \n    ## 분석결과\n    1. 초기 계획 수립 및 팀 구성 완료.\n    2. 프로젝트 목표와 기대 효과 검토.\n\n    ## 개선점\n    1. 회의 주제와 목표를 명확히 설정하여 효율적인 진행.\n    2. 각 회의에 대한 기록 및 결과 보고서 작성.\n\n---\n\n이 형식에 맞추어 작성된 답변입니다. 추가적으로 필요한 정보나 수정이 있다면 알려주세요!'),
(70, 0, '2024-08-09 00:53:18', '2024-12-20', 2, 2, NULL, 1, '2024_08_06_06_57_590.png', '팀고대 24년도 공예교수님 수업입니다. 팀플은 나중에 직접 교수님이 배정합니다!!', '팀고대 24년도 공예교수님 수업_lead_2조', 10, 90, 1, 0, 0, 0, '### 진행상황\n    ## 프로젝트 기간: 08월 09일 ~ 12월 20일\n    ## 프로젝트 명: 팀고대 24년도 공예교수님 수업_lead_2조\n    ## 현재 날짜: 09월 06일\n    ## 목표 회의 횟수: 10회\n    ## 진행한 회의 횟수: 0회\n    ## 진행률: 0.0%\n    ## 진행한 회의:\n        - 1차 회의: 프로젝트 계획 수립 및 목표 설정\n        - 2차 회의: 구체적인 업무 분담 및 일정 검토\n        - 3차 회의: 초기 진행 상황 점검 및 문제점 논의\n\n    ## 분석결과\n    1. 초기 회의를 통해 프로젝트의 목표와 일정 설정이 필요하다.\n    2. 각 팀원 간의 역량과 강점을 파악하여 업무 분담을 최적화해야 한다.\n\n    ## 개선점\n    1. 회의 주제와 목적을 명확히 정의하여 진행한다.\n    2. 회의록을 작성하여 진행 내용을 체계적으로 기록한다.'),
(82, 1, '2024-08-11 10:55:03', '2024-12-20', 1, 1, NULL, 3, '2024_08_02_08_11_380.png', '낙장불입입니다.\r\n강인한 사람만 신청하세요', '나의라임리드팀플오렌지S_lead_1조', 10, 90, 5, 0, 0, 0, '### 진행상황\n    ## 프로젝트 기간: 08월 11일 ~ 12월 20일\n    ## 프로젝트 명: 나의라임리드팀플오렌지S_lead_1조\n    ## 현재 날짜: 09월 06일\n    ## 목표 회의 횟수: 10회\n    ## 진행한 회의 횟수: 0회\n    ## 진행률: 0.0%\n    ## 진행한 회의:\n    \n    ## 분석결과\n    1. 초기 프로젝트 계획 수립 및 팀원 역할 배분이 완료되었음.\n    2. 프로젝트 목표 설정 및 주요 성과 지표 설정이 필요함.\n\n    ## 개선점\n    1. 프로젝트 일정 관리 시스템 도입을 통해 진행 상황을 체계적으로 관리할 필요 있음.\n    2. 회의 시간을 효율적으로 사용하기 위해 사전 준비 및 회의록 작성이 필수적임.'),
(83, 1, '2024-08-11 10:55:03', '2024-12-20', 1, 1, NULL, 3, '2024_08_02_08_11_380.png', '낙장불입입니다.\r\n강인한 사람만 신청하세요', '나의라임리드팀플오렌지S_lead_2조', 10, 90, 5, 0, 0, 0, ''),
(84, 1, '2024-08-11 10:56:49', '2024-12-20', 1, 5, NULL, 1, '2024_08_11_10_55_500.png', '멤버스온리_이프론니ㅇㅇ', 'ITS마이BRANDNEWLEAD_lead_1조', 10, 90, 8, 0, 0, 0, ''),
(85, 1, '2024-08-11 10:56:50', '2024-12-20', 1, 1, NULL, 1, '2024_08_11_10_55_500.png', '멤버스온리_이프론니ㅇㅇ', 'ITS마이BRANDNEWLEAD_lead_2조', 10, 90, 8, 0, 0, 0, ''),
(86, 1, '2024-08-11 10:56:51', '2024-12-20', 1, 1, NULL, 1, '2024_08_11_10_55_500.png', '멤버스온리_이프론니ㅇㅇ', 'ITS마이BRANDNEWLEAD_lead_3조', 10, 90, 8, 0, 0, 0, ''),
(87, 0, '2024-08-13 10:13:21', '2024-12-20', 3, 3, '2024-08-13 10:13:36', 1, '2024_08_13_10_09_220.png', '0813테스트트', '일반팀플테스트_0813', 2, 50, 0, 0, 0, 0, ''),
(88, 1, '2024-08-14 01:13:00', '2024-12-20', 1, 1, NULL, 3, '2024_08_02_08_11_380.png', '낙장불입입니다.\r\n강인한 사람만 신청하세요', '나의라임리드팀플오렌지S_lead_1조', 10, 90, 5, 0, 0, 0, ''),
(89, 1, '2024-08-14 01:13:00', '2024-12-20', 1, 1, NULL, 3, '2024_08_02_08_11_380.png', '낙장불입입니다.\r\n강인한 사람만 신청하세요', '나의라임리드팀플오렌지S_lead_2조', 10, 90, 5, 0, 0, 0, ''),
(92, 0, '2024-08-14 01:17:10', '2024-12-20', 1, 1, NULL, 3, '2024_08_02_08_11_380.png', '낙장불입입니다.\r\n강인한 사람만 신청하세요', '나의라임리드팀플오렌지S_lead_1조', 10, 90, 5, 0, 0, 0, ''),
(93, 0, '2024-08-14 01:17:12', '2024-12-20', 1, 1, '2024-08-26 16:22:44', 3, '2024_08_02_08_11_380.png', '낙장불입입니다.\r\n강인한 사람만 신청하세요', '나의라임리드팀플오렌지S_lead_2조', 10, 90, 5, 0, 0, 0, ''),
(94, 1, '2024-08-14 14:25:24', '2024-12-20', 3, 3, NULL, 1, '2024_08_14_14_10_310.png', '테스트 리드팀플', '리드팀플 테스트_0814_lead_1조', 10, 90, 10, 0, 0, 0, ''),
(95, 1, '2024-08-14 14:25:24', '2024-12-20', 3, 3, NULL, 1, '2024_08_14_14_10_310.png', '테스트 리드팀플', '리드팀플 테스트_0814_lead_2조', 10, 90, 10, 0, 0, 0, ''),
(96, 0, '2024-08-14 15:32:34', '2024-12-20', 13, 13, '2024-08-14 15:33:08', 1, '2024_08_22_07_13_240.png', 'SQL 공부할 사람 모여라~', 'SQL 공부', 10, 12, 0, 1, 0, 0, ''),
(97, 0, '2024-08-16 14:31:54', '2024-12-20', 3, 3, NULL, 1, '2024_08_16_13_54_190.png', '테테스트트', '리드팀플테스트_0816_2_lead_1조', 5, 80, 12, 0, 0, 0, ''),
(98, 0, '2024-08-16 14:31:54', '2024-12-20', 3, 3, NULL, 1, '2024_08_16_13_54_190.png', '테테스트트', '리드팀플테스트_0816_2_lead_2조', 5, 80, 12, 0, 0, 0, ''),
(99, 0, '2024-08-19 07:49:45', '2024-12-20', 1, 1, NULL, 1, '2024_08_11_10_55_500.png', '멤버스온리_이프론니ㅇㅇ', 'ITS마이BRANDNEWLEAD_lead_1조', 10, 90, 8, 1, 0, 0, ''),
(100, 0, '2024-08-19 07:49:45', '2024-12-20', 1, 1, NULL, 1, '2024_08_11_10_55_500.png', '멤버스온리_이프론니ㅇㅇ', 'ITS마이BRANDNEWLEAD_lead_2조', 10, 90, 8, 0, 0, 0, ''),
(101, 1, '2024-08-19 14:58:08', '2024-12-20', 3, 3, NULL, 1, '2024_08_19_14_52_010.png', '빈리드팀플_0819', '빈리드팀플_0819_lead_1조', 10, 90, 13, 0, 0, 0, ''),
(102, 1, '2024-08-19 14:58:08', '2024-12-20', 3, 3, NULL, 1, '2024_08_19_14_52_010.png', '빈리드팀플_0819', '빈리드팀플_0819_lead_2조', 10, 90, 13, 0, 0, 0, ''),
(103, 1, '2024-08-19 14:58:08', '2024-12-20', 3, 3, NULL, 1, '2024_08_19_14_52_010.png', '빈리드팀플_0819', '빈리드팀플_0819_lead_3조', 10, 90, 13, 0, 0, 0, ''),
(104, 0, '2024-08-19 15:29:59', '2024-12-20', 3, 3, NULL, 1, '', 'asdasdfasdf', '빈리드팀플test20819_lead_1조', 10, 90, 14, 0, 0, 0, ''),
(105, 0, '2024-08-19 15:29:59', '2024-12-20', 3, 3, NULL, 1, '', 'asdasdfasdf', '빈리드팀플test20819_lead_2조', 10, 90, 14, 0, 0, 0, ''),
(106, 0, '2024-08-21 12:23:32', '2024-12-20', 3, 3, NULL, 2, '2024_08_21_11_59_550.png', '테스트0821', '리팀테_0821_lead_1조', 10, 70, 15, 1, 0, 0, ''),
(107, 0, '2024-08-21 12:41:40', '2024-12-20', 3, 3, '2024-08-26 16:07:48', 2, '2024_08_21_11_59_550.png', '테스트0821', '리팀테_0821_lead_2조', 10, 70, 15, 1, 0, 0, ''),
(108, 0, '2024-08-22 07:58:17', '2024-12-20', 5, 5, '2024-08-22 07:58:20', 2, '2024_08_22_07_58_080.png', '노포트', '노포토팀플', 2, 6, 0, 1, 0, 0, ''),
(109, 0, '2024-08-23 10:45:14', '2024-12-20', 3, 3, '2024-08-23 10:45:26', 1, '2024_08_23_10_42_100.webp', '싱글싱글', '싱글팀플', 4, 80, 0, 1, 0, 0, ''),
(112, 0, '2024-08-25 22:03:30', '2024-12-20', 2, 2, NULL, 2, '2024_08_25_21_56_490.PNG', '제대로 된 리드팀플입니다.', '제대로 된 리드팀플_lead_1조', 10, 90, 17, 0, 0, 0, ''),
(113, 0, '2024-08-25 22:03:32', '2024-12-20', 2, 2, NULL, 2, '2024_08_25_21_56_490.PNG', '제대로 된 리드팀플입니다.', '제대로 된 리드팀플_lead_2조', 10, 90, 17, 0, 0, 0, ''),
(114, 0, '2024-08-26 11:14:38', '2024-12-20', 3, 3, '2024-08-26 11:14:46', 1, '2024_08_26_11_14_250.webp', 'ㅋㅋㅋㅋㅋㅋㅋㅋㅋ', '싱글_0826', 5, 90, 0, 0, 0, 0, ''),
(115, 0, '2024-08-26 11:18:32', '2024-12-20', 3, 3, '2024-08-26 16:46:21', 1, '2024_08_26_11_16_050.webp', '환공포증', '멀티_0826_lead_1조', 10, 90, 18, 0, 0, 0, ''),
(116, 0, '2024-08-26 11:18:32', '2024-12-20', 3, 3, '2024-08-26 11:54:42', 1, '2024_08_26_11_16_050.webp', '환공포증', '멀티_0826_lead_2조', 10, 90, 18, 0, 0, 0, ''),
(118, 0, '2024-08-26 11:50:20', '2024-12-20', 3, 3, NULL, 1, '2024_08_26_11_33_400.webp', 'ㅈㄷㅈㄷㄱㅈㄷ', '멀티_0826_2_lead_1조', 10, 90, 20, 0, 0, 0, ''),
(119, 0, '2024-08-26 11:50:22', '2024-12-20', 3, 3, NULL, 1, '2024_08_26_11_33_400.webp', 'ㅈㄷㅈㄷㄱㅈㄷ', '멀티_0826_2_lead_2조', 10, 90, 20, 0, 0, 0, ''),
(120, 0, '2024-08-26 16:38:54', '2024-12-20', 3, 3, NULL, 1, '2024_08_26_16_34_340.webp', 'ㅁㄴㅇㄹ', '멅티테_0826_3_lead_1조', 10, 90, 21, 0, 0, 0, ''),
(121, 0, '2024-08-26 16:38:56', '2024-12-20', 3, 3, NULL, 1, '2024_08_26_16_34_340.webp', 'ㅁㄴㅇㄹ', '멅티테_0826_3_lead_2조', 10, 90, 21, 0, 0, 0, ''),
(124, 0, '2024-08-26 16:45:39', '2024-12-20', 3, 3, NULL, 1, '2024_08_26_16_40_130.webp', 'ㅁㄷㄻㅇㄻ', '0826_4_lead_1조', 10, 90, 22, 0, 0, 0, ''),
(125, 0, '2024-08-26 16:45:44', '2024-12-20', 3, 3, '2024-08-27 10:16:16', 1, '2024_08_26_16_40_130.webp', 'ㅁㄷㄻㅇㄻ', '0826_4_lead_2조', 10, 90, 22, 0, 0, 0, ''),
(128, 1, '2024-08-27 10:42:42', '2024-12-20', 3, 3, NULL, 1, '2024_08_27_10_37_510.png', 'ㅁㄴㅇㄹ', '08277_1_lead_1조', 10, 90, 23, 0, 0, 0, ''),
(129, 1, '2024-08-27 10:42:45', '2024-12-20', 3, 3, NULL, 1, '2024_08_27_10_37_510.png', 'ㅁㄴㅇㄹ', '08277_1_lead_2조', 10, 90, 23, 0, 0, 0, ''),
(130, 1, '2024-08-29 14:52:24', '2024-12-20', 17, 17, '2024-08-29 07:58:27', 1, '', '사용자 경향 테스트', '사용자 경향 테스트', 8, 10, 0, 1, 0, 0, ''),
(131, 1, '2024-08-29 22:29:10', '2024-12-20', 17, 17, '2024-08-29 15:31:02', 1, '', '경향 테스트2', '경향 테스트2', 7, 9, 0, 1, 0, 0, ''),
(132, 0, '2024-08-31 16:58:06', '2024-12-20', 20, 20, '2024-08-31 10:02:27', 1, '', '스케일링화면테스트', '스케일링화면테스트', 2, 5, 0, 0, 0, 0, ''),
(133, 1, '2024-09-01 22:42:34', '2024-12-20', 17, 17, '2024-09-01 15:44:20', 1, '', '경향테스트*5', '경향테스트*5', 10, 46, 0, 1, 0, 0, ''),
(134, 1, '2024-09-01 22:48:40', '2024-12-20', 17, 17, '2024-09-01 15:49:57', 2, '', 'test2', 'test2', 4, 4, 0, 1, 0, 0, ''),
(135, 1, '2024-09-01 22:59:10', '2024-12-20', 17, 17, '2024-09-01 15:59:59', 2, '', 'test3', 'test3', 4, 17, 0, 1, 0, 0, ''),
(136, 1, '2024-09-01 23:07:42', '2024-12-20', 17, 17, '2024-09-01 16:09:25', 1, '', 'test4', 'test4', 7, 15, 0, 1, 0, 0, ''),
(137, 1, '2024-09-01 23:27:56', '2024-10-26', 17, 17, '2024-09-01 16:29:41', 2, '', '최소값 조정', '최소값 조정', 3, 12, 0, 1, 0, 0, ''),
(138, 1, '2024-09-02 00:13:24', '2024-12-01', 17, 17, '2024-09-01 17:15:27', 1, '', '최소값다시', '최소값다시', 4, 15, 0, 1, 0, 0, ''),
(139, 0, '2024-09-02 00:42:10', '2024-11-01', 17, 17, '2024-09-01 17:43:49', 1, '', '마지막테스트', '마지막테스트', 8, 12, 0, 1, 0, 0, ''),
(140, 0, '2024-09-02 01:15:01', '2024-12-15', 17, 17, '2024-09-01 18:16:19', 2, '', '찐막테스트', '찐막테스트', 1, 6, 0, 1, 54.13, 6.2, '### 진행상황\n## 프로젝트 기간: 07월 18일 ~ 12월 20일\n## 프로젝트 명: 24학년도 팀고대학고 식품영양학 F조\n## 현재 날짜: 09월 06일\n## 목표 회의 횟수: 3회\n## 진행한 회의 횟수: 3회\n## 진행률: 0.0%\n## 진행한 회의:\n문제해결 및 개선\n정보분석 및 토론\n문제해결 및 개선\n\n## 분석결과\n1. 초기 프로젝트 계획 수립 및 팀원 역량 분석이 완료되었으며, 각 구성원별 역할 분담이 명확히 되었다.\n2. 첫 번째 회의에서 주요 문제점과 개선 방안을 논의했으며, 이를 토대로 초기 작업을 시작하였다.\n\n## 개선점\n1. 회의 주제를 명확히 정의하고, 각 회의에 대한 정리 문서를 작성하여 추후 참고할 수 있도록 해야 한다.\n2. 팀원 간의 소통을 원활히 하기 위해 정기적인 서면 회고를 실시하여 개선점을 공유하고 적용할 필요가 있다.'),
(141, 0, '2024-09-02 22:49:04', '2024-12-10', 24, 24, '2024-09-02 15:58:29', 1, '', '장민수', '장민수', 3, 13, 0, 0, 20.8, 6.2, '### 진행상황 ## 프로젝트 기간: 07월 18일 ~ 12월 20일 ## 프로젝트 명: 24학년도 팀고대학고 식품영양학 F조 ## 현재 날짜: 09월 06일 ## 목표 회의 횟수: 3회 ## 진행한 회의 횟수: 3회 ## 진행률: 0.0% ## 진행한 회의: 문제해결 및 개선 정보분석 및 토론 문제해결 및 개선  ## 분석결과 1. 초기 프로젝트 계획 수립 및 팀원 역량 분석이 완료되었으며, 각 구성원별 역할 분담이 명확히 되었다. 2. 첫 번째 회의에서 주요 문제점과 개선 방안을 논의했으며, 이를 토대로 초기 작업을 시작하였다.  ## 개선점 1. 회의 주제를 명확히 정의하고, 각 회의에 대한 정리 문서를 작성하여 추후 참고할 수 있도록 해야 한다. 2. 팀원 간의 소통을 원활히 하기 위해 정기적인 서면 회고를 실시하여 개선점을 공유하고 적용할 필요가 있다.'),
(142, 0, '2024-09-04 16:14:36', '2024-12-20', 17, 17, '2024-09-04 09:14:39', 1, '', 'dd', 'dd', 5, 16, 0, 0, 4.13, 6.2, '');

-- --------------------------------------------------------

--
-- 테이블 구조 `teample_cate`
--

CREATE TABLE `teample_cate` (
  `num` int(11) NOT NULL,
  `name` char(100) DEFAULT NULL,
  `createdAt` datetime DEFAULT current_timestamp(),
  `isActive` int(11) DEFAULT 0,
  `updatedAt` char(20) DEFAULT NULL
) ENGINE=InnoDB DEFAULT CHARSET=utf8 COLLATE=utf8_general_ci;

--
-- 테이블의 덤프 데이터 `teample_cate`
--

INSERT INTO `teample_cate` (`num`, `name`, `createdAt`, `isActive`, `updatedAt`) VALUES
(1, '학교/학원', '2024-07-18 11:28:56', 0, NULL),
(2, '사회복지', '2024-07-18 11:29:00', 0, NULL),
(3, '공모전', '2024-07-18 11:29:03', 0, NULL),
(4, '회사', '2024-07-18 11:29:05', 0, NULL),
(5, '동아리/모임', '2024-07-18 11:29:10', 0, NULL);

-- --------------------------------------------------------

--
-- 테이블 구조 `teample_leader`
--

CREATE TABLE `teample_leader` (
  `num` int(11) NOT NULL,
  `leader` int(11) DEFAULT 0,
  `isActive` int(11) DEFAULT 0,
  `createdAt` datetime DEFAULT current_timestamp()
) ENGINE=InnoDB DEFAULT CHARSET=utf8 COLLATE=utf8_general_ci;

-- --------------------------------------------------------

--
-- 테이블 구조 `teample_log`
--

CREATE TABLE `teample_log` (
  `num` int(11) NOT NULL,
  `isActive` int(11) DEFAULT 0,
  `createdAt` datetime DEFAULT current_timestamp(),
  `uploader` int(11) DEFAULT 0,
  `leader` int(11) DEFAULT NULL,
  `updatedAt` char(20) DEFAULT NULL
) ENGINE=InnoDB DEFAULT CHARSET=utf8 COLLATE=utf8_general_ci;

-- --------------------------------------------------------

--
-- 테이블 구조 `teample_member`
--

CREATE TABLE `teample_member` (
  `num` int(11) NOT NULL,
  `teample` int(11) DEFAULT NULL,
  `createdAt` datetime DEFAULT current_timestamp(),
  `isActive` int(11) DEFAULT 0 COMMENT '0 정상 1 삭제 2 쫓겨남 3 본인스스로 나감',
  `updatedAt` char(20) DEFAULT NULL,
  `user` int(11) DEFAULT NULL,
  `level` int(11) DEFAULT NULL COMMENT '1 일반멤버 70 매니저',
  `lead_teample` int(11) DEFAULT NULL
) ENGINE=InnoDB DEFAULT CHARSET=utf8 COLLATE=utf8_general_ci;

--
-- 테이블의 덤프 데이터 `teample_member`
--

INSERT INTO `teample_member` (`num`, `teample`, `createdAt`, `isActive`, `updatedAt`, `user`, `level`, `lead_teample`) VALUES
(1, 1, '2024-07-18 18:52:33', 0, NULL, 2, 100, NULL),
(2, 2, '2024-07-19 10:17:20', 0, NULL, 2, 100, NULL),
(3, 3, '2024-07-26 23:55:59', 0, NULL, 4, 100, NULL),
(4, 2, '2024-07-30 08:25:41', 0, NULL, 4, 1, NULL),
(5, 4, '2024-07-30 08:38:16', 0, NULL, 2, 100, NULL),
(6, 4, '2024-07-30 09:59:24', 0, NULL, 4, 1, NULL),
(7, 4, '2024-07-30 10:00:58', 0, NULL, 5, 1, NULL),
(8, 4, '2024-07-30 10:20:38', 0, NULL, 6, 1, NULL),
(9, 3, '2024-08-02 07:24:01', 0, NULL, 5, 1, NULL),
(10, 3, '2024-08-02 07:25:48', 0, NULL, 7, 1, NULL),
(11, 5, '2024-08-02 09:14:07', 0, NULL, 7, 100, NULL),
(12, 5, '2024-08-02 16:46:29', 0, NULL, 5, 1, NULL),
(23, 28, '2024-08-05 10:27:24', 1, NULL, 11, 1, 7),
(24, 29, '2024-08-05 10:27:24', 1, NULL, 10, 1, 7),
(25, 30, '2024-08-05 10:27:24', 1, NULL, 12, 1, 7),
(26, 31, '2024-08-05 10:27:24', 1, NULL, 9, 1, 7),
(27, 32, '2024-08-05 10:28:32', 0, NULL, 3, 100, NULL),
(54, 69, '2024-08-09 00:53:17', 0, NULL, 6, 1, 1),
(55, 70, '2024-08-09 00:53:18', 0, NULL, 1, 1, 1),
(56, 69, '2024-08-09 00:53:19', 0, NULL, 2, 100, 1),
(57, 70, '2024-08-09 00:53:19', 0, NULL, 2, 100, 1),
(71, 82, '2024-08-11 10:55:03', 1, NULL, 5, 1, 5),
(72, 82, '2024-08-11 10:55:04', 1, NULL, 1, 100, 5),
(73, 83, '2024-08-11 10:55:04', 1, NULL, 1, 100, 5),
(74, 84, '2024-08-11 10:56:49', 1, NULL, 5, 1, 8),
(75, 84, '2024-08-11 10:56:53', 1, NULL, 1, 100, 8),
(76, 85, '2024-08-11 10:56:53', 1, NULL, 1, 100, 8),
(77, 86, '2024-08-11 10:56:53', 1, NULL, 1, 100, 8),
(78, 87, '2024-08-13 10:13:36', 1, NULL, 3, 100, NULL),
(79, 87, '2024-08-13 11:27:42', 1, NULL, 9, 1, NULL),
(80, 87, '2024-08-13 11:31:41', 0, NULL, 10, 1, NULL),
(81, 87, '2024-08-13 11:48:57', 0, NULL, 11, 1, NULL),
(82, 87, '2024-08-13 11:50:27', 0, NULL, 12, 1, NULL),
(83, 84, '2024-08-13 15:51:52', 1, NULL, 5, 100, NULL),
(84, 84, '2024-08-13 22:07:23', 1, NULL, 1, 1, NULL),
(85, 84, '2024-08-13 22:11:28', 1, NULL, 5, 1, 0),
(86, 84, '2024-08-13 22:11:28', 1, NULL, 1, 100, 0),
(87, 84, '2024-08-13 22:12:27', 1, NULL, 1, 1, 0),
(88, 84, '2024-08-13 22:12:27', 0, NULL, 5, 100, 0),
(89, 84, '2024-08-14 00:55:04', 1, NULL, 1, 70, 0),
(90, 84, '2024-08-14 00:55:45', 1, NULL, 1, 70, 0),
(91, 84, '2024-08-14 00:58:34', 1, NULL, 1, 70, 0),
(92, 84, '2024-08-14 00:59:02', 1, NULL, 1, 1, 0),
(93, 84, '2024-08-14 00:59:07', 0, NULL, 1, 70, 0),
(94, 88, '2024-08-14 01:13:00', 1, NULL, 5, 1, 5),
(95, 82, '2024-08-14 01:13:05', 1, NULL, 1, 100, 5),
(96, 83, '2024-08-14 01:13:05', 1, NULL, 1, 100, 5),
(97, 88, '2024-08-14 01:13:05', 1, NULL, 1, 100, 5),
(98, 89, '2024-08-14 01:13:05', 1, NULL, 1, 100, 5),
(99, 93, '2024-08-14 01:17:12', 0, NULL, 5, 1, 5),
(100, 82, '2024-08-14 01:17:14', 0, NULL, 1, 100, 5),
(101, 83, '2024-08-14 01:17:14', 0, NULL, 1, 100, 5),
(102, 88, '2024-08-14 01:17:14', 0, NULL, 1, 100, 5),
(103, 89, '2024-08-14 01:17:14', 0, NULL, 1, 100, 5),
(104, 92, '2024-08-14 01:17:14', 0, NULL, 1, 100, 5),
(105, 93, '2024-08-14 01:17:14', 0, NULL, 1, 100, 5),
(106, 87, '2024-08-14 11:44:55', 1, NULL, 3, 1, 0),
(107, 87, '2024-08-14 11:44:55', 1, NULL, 9, 100, 0),
(108, 87, '2024-08-14 11:47:25', 1, NULL, 9, 1, 0),
(109, 87, '2024-08-14 11:47:25', 0, NULL, 3, 100, 0),
(110, 87, '2024-08-14 12:54:19', 1, NULL, 9, 70, 0),
(111, 87, '2024-08-14 12:55:14', 1, NULL, 9, 1, 0),
(112, 87, '2024-08-14 13:08:29', 0, NULL, 9, 70, 0),
(113, 94, '2024-08-14 14:25:24', 1, NULL, 9, 1, 10),
(114, 94, '2024-08-14 14:25:30', 1, NULL, 3, 100, 10),
(115, 95, '2024-08-14 14:25:30', 1, NULL, 3, 100, 10),
(116, 94, '2024-08-14 14:26:44', 0, NULL, 10, 1, NULL),
(117, 95, '2024-08-14 14:45:17', 0, NULL, 11, 1, NULL),
(118, 96, '2024-08-14 15:33:08', 0, NULL, 13, 100, NULL),
(119, 96, '2024-08-14 15:44:23', 0, NULL, 14, 1, NULL),
(120, 96, '2024-08-16 03:41:42', 0, NULL, 15, 1, NULL),
(121, 84, '2024-08-16 08:11:02', 1, NULL, 6, 1, NULL),
(122, 84, '2024-08-16 08:21:58', 0, NULL, 6, 50, 0),
(123, 97, '2024-08-16 14:31:54', 1, '2024-08-16 14:37:th', 9, 1, 12),
(124, 98, '2024-08-16 14:31:54', 0, NULL, 11, 1, 12),
(125, 97, '2024-08-16 14:31:54', 1, NULL, 10, 1, 12),
(126, 98, '2024-08-16 14:31:54', 0, NULL, 12, 1, 12),
(127, 97, '2024-08-16 14:31:55', 0, NULL, 3, 100, 12),
(128, 98, '2024-08-16 14:31:55', 0, NULL, 3, 100, 12),
(129, 97, '2024-08-16 14:32:46', 1, '2024-08-16 14:37:th', 9, 70, 12),
(130, 97, '2024-08-16 14:32:52', 1, '2024-08-16 14:37:th', 9, 1, 12),
(131, 97, '2024-08-16 14:36:28', 1, '2024-08-16 14:37:th', 9, 70, 12),
(132, 97, '2024-08-16 14:40:03', 1, NULL, 9, 70, 12),
(133, 97, '2024-08-16 14:40:16', 1, NULL, 9, 1, 12),
(134, 97, '2024-08-16 14:40:49', 1, NULL, 9, 70, 12),
(135, 97, '2024-08-16 14:41:16', 1, NULL, 10, 50, 12),
(136, 97, '2024-08-16 14:42:36', 0, NULL, 10, 1, 12),
(137, 99, '2024-08-19 07:49:45', 0, NULL, 5, 1, 8),
(138, 84, '2024-08-19 07:49:46', 0, NULL, 1, 100, 8),
(139, 85, '2024-08-19 07:49:46', 0, NULL, 1, 100, 8),
(140, 86, '2024-08-19 07:49:46', 0, NULL, 1, 100, 8),
(141, 99, '2024-08-19 07:49:46', 0, NULL, 1, 100, 8),
(142, 100, '2024-08-19 07:49:46', 0, NULL, 1, 100, 8),
(143, 97, '2024-08-19 14:46:38', 1, NULL, 9, 1, 12),
(144, 97, '2024-08-19 14:48:56', 1, NULL, 9, 70, 12),
(145, 97, '2024-08-19 14:50:09', 0, NULL, 9, 1, 12),
(146, 101, '2024-08-19 14:58:08', 1, NULL, 11, 1, 13),
(147, 102, '2024-08-19 14:58:08', 1, NULL, 10, 1, 13),
(148, 103, '2024-08-19 14:58:08', 1, NULL, 9, 1, 13),
(149, 101, '2024-08-19 14:58:09', 1, NULL, 3, 100, 13),
(150, 102, '2024-08-19 14:58:09', 1, NULL, 3, 100, 13),
(151, 103, '2024-08-19 14:58:09', 1, NULL, 3, 100, 13),
(152, 101, '2024-08-19 14:58:44', 3, '2024-08-19 14:59:th', 12, 1, NULL),
(153, 104, '2024-08-19 15:29:59', 3, '2024-08-19 15:34:th', 12, 1, 14),
(154, 105, '2024-08-19 15:29:59', 0, NULL, 9, 1, 14),
(155, 104, '2024-08-19 15:29:59', 0, NULL, 10, 1, 14),
(156, 105, '2024-08-19 15:29:59', 0, NULL, 11, 1, 14),
(157, 104, '2024-08-19 15:30:00', 0, NULL, 3, 100, 14),
(158, 105, '2024-08-19 15:30:00', 0, NULL, 3, 100, 14),
(159, 106, '2024-08-21 12:23:32', 3, '2024-08-21 13:02:st', 12, 1, 15),
(160, 106, '2024-08-21 12:23:32', 0, NULL, 11, 1, 15),
(161, 106, '2024-08-21 12:23:32', 3, '2024-08-21 13:01:st', 10, 1, 15),
(162, 106, '2024-08-21 12:23:32', 0, NULL, 9, 1, 15),
(163, 107, '2024-08-21 12:41:40', 3, '2024-08-26 16:07:th', 12, 1, 15),
(164, 107, '2024-08-21 12:41:40', 3, '2024-08-21 13:02:st', 11, 1, 15),
(165, 107, '2024-08-21 12:41:40', 0, NULL, 10, 1, 15),
(166, 107, '2024-08-21 12:41:40', 3, '2024-08-21 13:00:st', 9, 1, 15),
(167, 106, '2024-08-21 12:44:18', 0, NULL, 3, 100, 15),
(168, 107, '2024-08-21 12:44:18', 0, NULL, 3, 100, 15),
(169, 108, '2024-08-22 07:58:20', 0, NULL, 5, 100, NULL),
(170, 108, '2024-08-22 07:58:44', 0, NULL, 4, 1, NULL),
(171, 108, '2024-08-22 07:59:55', 0, NULL, 7, 1, NULL),
(172, 109, '2024-08-23 10:45:26', 0, NULL, 3, 100, NULL),
(173, 109, '2024-08-23 10:53:06', 0, NULL, 9, 1, NULL),
(174, 109, '2024-08-23 10:54:57', 0, NULL, 10, 1, NULL),
(175, 109, '2024-08-23 10:55:33', 0, NULL, 12, 1, NULL),
(176, 109, '2024-08-23 10:56:13', 0, NULL, 11, 1, NULL),
(185, 112, '2024-08-25 22:03:30', 0, NULL, 4, 1, 17),
(186, 112, '2024-08-25 22:03:30', 0, NULL, 6, 1, 17),
(187, 112, '2024-08-25 22:03:30', 0, NULL, 1, 1, 17),
(188, 112, '2024-08-25 22:03:30', 0, NULL, 7, 1, 17),
(189, 112, '2024-08-25 22:03:34', 0, NULL, 2, 100, 17),
(190, 113, '2024-08-25 22:03:34', 0, NULL, 2, 100, 17),
(191, 1, '2024-08-25 22:27:24', 3, '2024-08-25 22:32:th', 7, 1, NULL),
(192, 1, '2024-08-25 22:30:44', 3, '2024-08-25 22:32:th', 7, 1, NULL),
(193, 1, '2024-08-25 22:31:23', 3, '2024-08-25 22:32:th', 7, 1, NULL),
(194, 1, '2024-08-25 22:31:40', 3, '2024-08-25 22:32:th', 7, 1, NULL),
(195, 114, '2024-08-26 11:14:46', 0, NULL, 3, 100, NULL),
(196, 115, '2024-08-26 11:18:32', 0, NULL, 10, 1, 18),
(197, 116, '2024-08-26 11:18:32', 1, NULL, 9, 1, 18),
(198, 115, '2024-08-26 11:18:32', 0, NULL, 11, 1, 18),
(199, 116, '2024-08-26 11:18:32', 3, '2024-08-26 11:54:th', 12, 1, 18),
(200, 115, '2024-08-26 11:18:38', 0, NULL, 3, 100, 18),
(201, 116, '2024-08-26 11:18:38', 0, NULL, 3, 100, 18),
(202, 116, '2024-08-26 11:30:54', 0, NULL, 9, 70, 18),
(205, 118, '2024-08-26 11:50:20', 0, NULL, 9, 1, 20),
(206, 118, '2024-08-26 11:50:20', 0, NULL, 10, 1, 20),
(207, 118, '2024-08-26 11:50:26', 0, NULL, 3, 100, 20),
(208, 119, '2024-08-26 11:50:26', 0, NULL, 3, 100, 20),
(209, 116, '2024-08-26 11:54:42', 0, NULL, 12, 1, NULL),
(210, 107, '2024-08-26 16:07:48', 0, NULL, 12, 1, NULL),
(211, 93, '2024-08-26 16:20:22', 3, '2024-08-26 16:22:th', 7, 1, NULL),
(212, 93, '2024-08-26 16:22:44', 0, NULL, 7, 1, 5),
(213, 120, '2024-08-26 16:38:54', 0, NULL, 9, 1, 21),
(214, 120, '2024-08-26 16:38:54', 0, NULL, 10, 1, 21),
(215, 120, '2024-08-26 16:38:59', 0, NULL, 3, 100, 21),
(216, 121, '2024-08-26 16:38:59', 0, NULL, 3, 100, 21),
(219, 124, '2024-08-26 16:45:39', 0, NULL, 12, 1, 22),
(220, 124, '2024-08-26 16:45:39', 0, NULL, 11, 1, 22),
(221, 125, '2024-08-26 16:45:44', 0, NULL, 10, 1, 22),
(222, 125, '2024-08-26 16:45:44', 3, '2024-08-27 10:18:th', 9, 1, 22),
(223, 124, '2024-08-26 16:45:48', 0, NULL, 3, 100, 22),
(224, 125, '2024-08-26 16:45:48', 0, NULL, 3, 100, 22),
(225, 115, '2024-08-26 16:46:21', 0, NULL, 16, 1, 18),
(226, 125, '2024-08-26 16:46:41', 0, NULL, 16, 1, 22),
(227, 125, '2024-08-27 10:16:16', 3, '2024-08-27 10:18:th', 9, 1, 22),
(230, 128, '2024-08-27 10:42:42', 1, NULL, 9, 1, 23),
(231, 128, '2024-08-27 10:42:42', 1, NULL, 10, 1, 23),
(232, 129, '2024-08-27 10:42:45', 1, NULL, 11, 1, 23),
(233, 129, '2024-08-27 10:42:45', 1, NULL, 12, 1, 23),
(234, 128, '2024-08-27 10:42:47', 1, NULL, 3, 100, 23),
(235, 129, '2024-08-27 10:42:47', 1, NULL, 3, 100, 23),
(236, 130, '2024-08-29 14:52:28', 1, NULL, 17, 100, NULL),
(237, 130, '2024-08-29 14:56:56', 1, NULL, 18, 1, 0),
(238, 130, '2024-08-29 14:57:27', 1, NULL, 19, 1, 0),
(239, 130, '2024-08-29 14:57:59', 1, NULL, 20, 1, 0),
(240, 130, '2024-08-29 14:58:27', 1, NULL, 21, 1, 0),
(241, 131, '2024-08-29 22:29:15', 1, NULL, 17, 100, NULL),
(242, 131, '2024-08-29 22:30:07', 1, NULL, 18, 1, 0),
(243, 131, '2024-08-29 22:30:37', 1, NULL, 19, 1, 0),
(244, 131, '2024-08-29 22:31:02', 1, NULL, 20, 1, 0),
(245, 132, '2024-08-31 16:58:09', 0, NULL, 20, 100, NULL),
(246, 132, '2024-08-31 17:02:27', 0, NULL, 17, 1, 0),
(247, 133, '2024-09-01 22:42:40', 1, NULL, 17, 100, NULL),
(248, 133, '2024-09-01 22:43:35', 1, NULL, 18, 1, 0),
(249, 133, '2024-09-01 22:43:56', 1, NULL, 19, 1, 0),
(250, 133, '2024-09-01 22:44:20', 1, NULL, 20, 1, 0),
(251, 134, '2024-09-01 22:48:42', 1, NULL, 17, 100, NULL),
(252, 134, '2024-09-01 22:49:38', 1, NULL, 18, 1, 0),
(253, 134, '2024-09-01 22:49:57', 1, NULL, 19, 1, 0),
(254, 135, '2024-09-01 22:59:13', 1, NULL, 17, 100, NULL),
(255, 135, '2024-09-01 22:59:32', 1, NULL, 18, 1, 0),
(256, 135, '2024-09-01 22:59:46', 1, NULL, 19, 1, 0),
(257, 135, '2024-09-01 22:59:59', 1, NULL, 21, 1, 0),
(258, 136, '2024-09-01 23:07:46', 1, NULL, 17, 100, NULL),
(259, 136, '2024-09-01 23:08:39', 1, NULL, 18, 1, 0),
(260, 136, '2024-09-01 23:09:02', 1, NULL, 20, 1, 0),
(261, 136, '2024-09-01 23:09:25', 1, NULL, 19, 1, 0),
(262, 137, '2024-09-01 23:27:58', 1, NULL, 17, 100, NULL),
(263, 137, '2024-09-01 23:28:36', 1, NULL, 18, 1, 0),
(264, 137, '2024-09-01 23:29:24', 1, NULL, 19, 1, 0),
(265, 137, '2024-09-01 23:29:41', 1, NULL, 20, 1, 0),
(266, 138, '2024-09-02 00:13:27', 1, NULL, 17, 100, NULL),
(267, 138, '2024-09-02 00:14:38', 1, NULL, 18, 1, 0),
(268, 138, '2024-09-02 00:14:57', 1, NULL, 19, 1, 0),
(269, 138, '2024-09-02 00:15:27', 1, NULL, 20, 1, 0),
(270, 139, '2024-09-02 00:42:16', 0, NULL, 17, 100, NULL),
(271, 139, '2024-09-02 00:43:09', 0, NULL, 18, 1, 0),
(272, 139, '2024-09-02 00:43:29', 0, NULL, 19, 1, 0),
(273, 139, '2024-09-02 00:43:49', 0, NULL, 20, 1, 0),
(274, 140, '2024-09-02 01:15:04', 0, NULL, 17, 100, NULL),
(275, 140, '2024-09-02 01:15:55', 0, NULL, 18, 1, 0),
(276, 140, '2024-09-02 01:16:07', 0, NULL, 19, 1, 0),
(277, 140, '2024-09-02 01:16:19', 0, NULL, 20, 1, 0),
(278, 141, '2024-09-02 22:49:07', 0, NULL, 24, 100, NULL),
(279, 141, '2024-09-02 22:58:29', 0, NULL, 17, 1, 0),
(280, 142, '2024-09-04 16:14:39', 0, NULL, 17, 100, NULL);

-- --------------------------------------------------------

--
-- 테이블 구조 `teample_notice`
--

CREATE TABLE `teample_notice` (
  `num` int(11) NOT NULL,
  `title` char(200) DEFAULT NULL,
  `body` text DEFAULT NULL,
  `createdAt` datetime DEFAULT current_timestamp(),
  `isActive` int(11) DEFAULT 0,
  `uploader` int(11) DEFAULT NULL,
  `uploader_name` char(100) DEFAULT NULL,
  `hits` int(11) DEFAULT NULL,
  `teample` int(11) DEFAULT 0,
  `lead_teample` int(11) DEFAULT 0,
  `updatedAt` char(20) DEFAULT NULL,
  `photo` char(200) DEFAULT NULL,
  `attached` char(200) DEFAULT NULL,
  `category` int(11) DEFAULT NULL
) ENGINE=InnoDB DEFAULT CHARSET=utf8 COLLATE=utf8_general_ci;

--
-- 테이블의 덤프 데이터 `teample_notice`
--

INSERT INTO `teample_notice` (`num`, `title`, `body`, `createdAt`, `isActive`, `uploader`, `uploader_name`, `hits`, `teample`, `lead_teample`, `updatedAt`, `photo`, `attached`, `category`) VALUES
(1, '공지테스트', '공지테스트', '2024-08-21 13:24:40', 0, 3, '지논', NULL, 106, 15, NULL, '2024_08_21_13_23_590.png', NULL, 1),
(2, '공지테스트', '공지테스트', '2024-08-21 13:24:40', 0, 3, '지논', NULL, 107, 15, NULL, '2024_08_21_13_23_590.png', NULL, 1);

-- --------------------------------------------------------

--
-- 테이블 구조 `user`
--

CREATE TABLE `user` (
  `num` int(11) NOT NULL,
  `id` char(100) DEFAULT NULL,
  `password` char(100) DEFAULT NULL,
  `name` char(100) DEFAULT NULL,
  `nickname` char(100) DEFAULT NULL,
  `createdAt` datetime DEFAULT current_timestamp(),
  `type` int(11) DEFAULT 0,
  `level` int(11) DEFAULT 0,
  `updatedAt` char(20) DEFAULT NULL,
  `isActive` int(11) DEFAULT 0,
  `photo` char(100) DEFAULT 'no_photo.png',
  `sns` char(20) DEFAULT NULL,
  `sns_key` char(100) DEFAULT NULL
) ENGINE=InnoDB DEFAULT CHARSET=utf8 COLLATE=utf8_general_ci;

--
-- 테이블의 덤프 데이터 `user`
--

INSERT INTO `user` (`num`, `id`, `password`, `name`, `nickname`, `createdAt`, `type`, `level`, `updatedAt`, `isActive`, `photo`, `sns`, `sns_key`) VALUES
(1, 'gopro1@teamgo.kr', 'c15ff9be05cd8f226b906c34a6638d3ac8cea528', '김동진', '보옹선화', '2024-06-29 16:29:58', 3, 0, NULL, 0, 'no_photo.png', NULL, NULL),
(2, 'me@dioaro.com', 'e9113bc1535381a7fcacf86706134f1c92c76022', '김동진', '보옹선', '2024-06-29 17:41:27', 3, 0, NULL, 0, 'no_photo.png', NULL, NULL),
(3, 'dtmind81@gmail.com', '67c5c9e1bab76d97464bfe904600692340ebba82', '정진원', '지논', '2024-07-22 16:01:03', 3, 0, NULL, 0, 'no_photo.png', NULL, NULL),
(4, 'sureeup@gmail.com', 'c15ff9be05cd8f226b906c34a6638d3ac8cea528', '김동진', '기임동진', '2024-07-26 23:50:34', 1, 0, NULL, 0, 'no_photo.png', NULL, NULL),
(5, 'kaeduk9@gmail.com', 'c15ff9be05cd8f226b906c34a6638d3ac8cea528', '김동진', '갯윽구', '2024-07-30 10:00:42', 1, 0, NULL, 0, 'no_photo.png', NULL, NULL),
(6, 'realmc0004@hanmail.net', 'c15ff9be05cd8f226b906c34a6638d3ac8cea528', '김동진', '김엠시', '2024-07-30 10:20:20', 1, 0, NULL, 0, 'no_photo.png', NULL, NULL),
(7, 'realmc0004@naver.com', 'c15ff9be05cd8f226b906c34a6638d3ac8cea528', '리얼김', '리얼김치', '2024-08-02 07:25:30', 1, 0, NULL, 0, 'no_photo.png', NULL, NULL),
(8, 'rbgus138@gmail.com', 'b9649893cdebacff966246518a766d71c12a197e', '이규현', '불타는연구원', '2024-08-02 17:19:39', 2, 0, NULL, 0, 'no_photo.png', NULL, NULL),
(9, 'test1@mail.com', '67c5c9e1bab76d97464bfe904600692340ebba82', '테스터1', '테스터1', '2024-08-05 09:54:34', 1, 0, NULL, 0, 'no_photo.png', NULL, NULL),
(10, 'test2@mail.com', '67c5c9e1bab76d97464bfe904600692340ebba82', '테스터2', '테스터2', '2024-08-05 09:55:13', 1, 0, NULL, 0, 'no_photo.png', NULL, NULL),
(11, 'test3@mail.com', '67c5c9e1bab76d97464bfe904600692340ebba82', '테스터3', '테스터3', '2024-08-05 09:55:59', 1, 0, NULL, 0, 'no_photo.png', NULL, NULL),
(12, 'test4@mail.com', '67c5c9e1bab76d97464bfe904600692340ebba82', '테스터4', '테스터4', '2024-08-05 09:56:45', 1, 0, NULL, 0, 'no_photo.png', NULL, NULL),
(13, 'rbgus138@khu.ac.kr', '897a5a65d211db7377decef7fd3f9db864a77c59', '이규현', '규조교', '2024-08-14 15:31:46', 2, 0, NULL, 0, 'no_photo.png', NULL, NULL),
(14, 'teamgorbgus@gmail.com', 'b9649893cdebacff966246518a766d71c12a197e', '쿠키', '쿠키', '2024-08-14 15:43:27', 1, 0, NULL, 0, 'no_photo.png', NULL, NULL),
(15, 'ansen00700@gmail.com', 'a036223a2eefe978b94e59823519eb4d3d3f0899', '모찌', '모찌', '2024-08-16 03:41:25', 1, 0, NULL, 0, 'no_photo.png', NULL, NULL),
(16, 'test5@mail.com', '67c5c9e1bab76d97464bfe904600692340ebba82', '전학생', '전학생', '2024-08-26 11:21:00', 1, 0, NULL, 0, 'no_photo.png', NULL, NULL),
(17, 'aa11@naver.com', 'e953fd0694bf5bf3bd51a7b10b1643e425996045', 'aa11', 'aa11', '2024-08-29 14:52:03', 1, 0, NULL, 0, 'no_photo.png', NULL, NULL),
(18, 'bb11@naver.com', '7cc4b13aaa96e21876ca8a55c0d18d19ffbe2ee4', 'bb11', 'bb11', '2024-08-29 14:53:17', 1, 0, NULL, 0, 'no_photo.png', NULL, NULL),
(19, 'cc11@naver.com', '8f6cf282b7260f354d2d97b289a72ffb8d0d0e14', 'cc11', 'cc11', '2024-08-29 14:53:36', 1, 0, NULL, 0, 'no_photo.png', NULL, NULL),
(20, 'dd11@naver.com', 'a16eb122bc239ae1325d2cdd66eff664de1d64dc', 'dd11', 'dd11', '2024-08-29 14:53:51', 1, 0, NULL, 0, 'no_photo.png', NULL, NULL),
(21, 'ee11@naver.com', '59ed794930c086109aa549e1df7459f25ce63d18', 'ee11', 'ee11', '2024-08-29 14:54:21', 1, 0, NULL, 0, 'no_photo.png', NULL, NULL),
(24, '3509622117', NULL, '장민수', '장민수', '2024-09-02 21:54:26', 1, 0, NULL, 0, 'no_photo.png', NULL, NULL);

-- --------------------------------------------------------

--
-- 테이블 구조 `user_log`
--

CREATE TABLE `user_log` (
  `num` int(11) NOT NULL,
  `user` int(11) DEFAULT NULL,
  `password` char(100) DEFAULT NULL,
  `name` char(100) DEFAULT NULL,
  `nickname` char(100) DEFAULT NULL,
  `createdAt` datetime DEFAULT current_timestamp(),
  `level` int(11) DEFAULT 0,
  `type` int(11) DEFAULT 0,
  `photo` char(100) DEFAULT 'no_photo.png',
  `isActive` int(11) DEFAULT 0
) ENGINE=InnoDB DEFAULT CHARSET=utf8 COLLATE=utf8_general_ci;

-- --------------------------------------------------------

--
-- 테이블 구조 `user_login`
--

CREATE TABLE `user_login` (
  `num` int(11) NOT NULL,
  `user` int(11) DEFAULT NULL,
  `createdAt` datetime DEFAULT current_timestamp(),
  `ip` char(30) DEFAULT NULL
) ENGINE=InnoDB DEFAULT CHARSET=utf8 COLLATE=utf8_general_ci;

--
-- 테이블의 덤프 데이터 `user_login`
--

INSERT INTO `user_login` (`num`, `user`, `createdAt`, `ip`) VALUES
(1, 1, '2024-06-29 16:45:45', '59.23.169.20'),
(2, 1, '2024-06-29 16:49:29', '211.44.229.196'),
(3, 1, '2024-06-29 16:49:43', '211.44.229.196'),
(4, 2, '2024-07-02 15:48:37', '58.237.149.122'),
(5, 2, '2024-07-04 17:00:25', '112.165.91.33'),
(6, 2, '2024-07-05 16:32:27', '211.235.97.157'),
(7, 2, '2024-07-05 16:38:31', '211.235.97.157'),
(8, 2, '2024-07-05 16:39:28', '211.235.97.157'),
(9, 2, '2024-07-05 16:43:31', '211.235.97.157'),
(10, 2, '2024-07-08 21:55:08', '58.237.149.122'),
(11, 2, '2024-07-08 21:56:11', '58.237.149.122'),
(12, 2, '2024-07-08 22:21:11', '58.237.149.122'),
(13, 2, '2024-07-18 11:21:54', '106.249.164.152'),
(14, 2, '2024-07-18 19:24:05', '223.39.232.242'),
(15, 3, '2024-07-22 16:01:14', '125.133.62.73'),
(16, 4, '2024-07-26 23:50:47', '58.224.80.185'),
(17, 4, '2024-07-30 08:16:21', '58.224.80.185'),
(18, 5, '2024-07-30 10:00:51', '58.224.80.185'),
(19, 6, '2024-07-30 10:20:26', '58.224.80.185'),
(20, 3, '2024-07-30 10:57:54', '125.133.62.73'),
(21, 2, '2024-08-02 07:22:06', '58.224.80.185'),
(22, 4, '2024-08-02 07:22:18', '58.224.80.185'),
(23, 5, '2024-08-02 07:23:48', '58.224.80.185'),
(24, 7, '2024-08-02 07:25:35', '58.224.80.185'),
(25, 1, '2024-08-02 07:48:00', '58.224.80.185'),
(26, 1, '2024-08-02 08:02:32', '58.224.80.185'),
(27, 1, '2024-08-02 16:26:07', '211.48.173.83'),
(28, 8, '2024-08-02 17:19:54', '175.214.68.166'),
(29, 2, '2024-08-05 07:32:47', '58.237.149.122'),
(30, 6, '2024-08-05 07:34:32', '58.224.80.185'),
(31, 9, '2024-08-05 09:56:56', '125.133.62.73'),
(32, 9, '2024-08-05 10:13:35', '125.133.62.73'),
(33, 10, '2024-08-05 10:25:25', '125.133.62.73'),
(34, 11, '2024-08-05 10:25:55', '125.133.62.73'),
(35, 12, '2024-08-05 10:26:27', '125.133.62.73'),
(36, 2, '2024-08-05 20:42:16', '58.237.149.122'),
(37, 2, '2024-08-08 12:33:19', '58.237.149.122'),
(38, 3, '2024-08-13 10:06:53', '125.133.62.73'),
(39, 9, '2024-08-13 11:27:18', '125.133.62.73'),
(40, 10, '2024-08-13 11:29:55', '125.133.62.73'),
(41, 11, '2024-08-13 11:47:43', '125.133.62.73'),
(42, 12, '2024-08-13 11:49:59', '125.133.62.73'),
(43, 5, '2024-08-14 00:40:52', '58.237.149.122'),
(44, 9, '2024-08-14 11:47:08', '125.133.62.73'),
(45, 9, '2024-08-14 13:29:11', '125.133.62.73'),
(46, 10, '2024-08-14 14:26:23', '125.133.62.73'),
(47, 11, '2024-08-14 14:42:49', '125.133.62.73'),
(48, 12, '2024-08-14 14:50:44', '125.133.62.73'),
(49, 13, '2024-08-14 15:31:56', '175.214.68.166'),
(50, 14, '2024-08-14 15:43:50', '175.214.68.166'),
(51, 15, '2024-08-16 03:41:31', '175.214.68.166'),
(52, 13, '2024-08-16 10:15:50', '175.214.68.166'),
(53, 13, '2024-08-16 10:18:07', '175.214.68.166'),
(54, 13, '2024-08-16 10:18:17', '175.214.68.166'),
(55, 13, '2024-08-16 11:26:27', '175.214.68.166'),
(56, 9, '2024-08-16 13:25:50', '125.133.62.73'),
(57, 9, '2024-08-16 13:32:52', '125.133.62.73'),
(58, 10, '2024-08-16 13:33:46', '125.133.62.73'),
(59, 11, '2024-08-16 13:34:15', '125.133.62.73'),
(60, 11, '2024-08-16 13:44:47', '125.133.62.73'),
(61, 12, '2024-08-16 13:45:08', '125.133.62.73'),
(62, 9, '2024-08-16 13:45:30', '125.133.62.73'),
(63, 12, '2024-08-16 13:54:57', '125.133.62.73'),
(64, 9, '2024-08-16 13:55:14', '125.133.62.73'),
(65, 10, '2024-08-16 13:55:32', '125.133.62.73'),
(66, 11, '2024-08-16 13:55:46', '125.133.62.73'),
(67, 9, '2024-08-16 14:36:44', '125.133.62.73'),
(68, 10, '2024-08-16 14:37:49', '125.133.62.73'),
(69, 9, '2024-08-16 14:38:19', '125.133.62.73'),
(70, 9, '2024-08-16 14:41:27', '125.133.62.73'),
(71, 10, '2024-08-16 14:41:48', '125.133.62.73'),
(72, 9, '2024-08-16 14:42:27', '125.133.62.73'),
(73, 10, '2024-08-16 14:45:12', '125.133.62.73'),
(74, 9, '2024-08-16 14:57:55', '125.133.62.73'),
(75, 9, '2024-08-19 14:39:52', '125.133.62.73'),
(76, 9, '2024-08-19 14:53:32', '125.133.62.73'),
(77, 10, '2024-08-19 14:57:23', '125.133.62.73'),
(78, 11, '2024-08-19 14:57:41', '125.133.62.73'),
(79, 12, '2024-08-19 14:58:27', '125.133.62.73'),
(80, 9, '2024-08-19 15:27:26', '125.133.62.73'),
(81, 10, '2024-08-19 15:28:54', '125.133.62.73'),
(82, 11, '2024-08-19 15:29:21', '125.133.62.73'),
(83, 12, '2024-08-19 15:29:44', '125.133.62.73'),
(84, 2, '2024-08-21 08:25:33', '211.235.81.225'),
(85, 11, '2024-08-21 12:05:08', '125.133.62.73'),
(86, 10, '2024-08-21 12:05:32', '125.133.62.73'),
(87, 9, '2024-08-21 12:08:41', '125.133.62.73'),
(88, 10, '2024-08-21 13:01:19', '125.133.62.73'),
(89, 11, '2024-08-21 13:02:08', '125.133.62.73'),
(90, 12, '2024-08-21 13:02:33', '125.133.62.73'),
(91, 10, '2024-08-21 13:20:43', '125.133.62.73'),
(92, 12, '2024-08-21 13:38:28', '125.133.62.73'),
(93, 3, '2024-08-21 14:11:56', '125.133.62.73'),
(94, 11, '2024-08-21 15:13:20', '125.133.62.73'),
(95, 9, '2024-08-21 15:27:42', '125.133.62.73'),
(96, 11, '2024-08-21 15:33:14', '125.133.62.73'),
(97, 5, '2024-08-22 07:49:36', '58.237.149.122'),
(98, 4, '2024-08-22 07:58:34', '58.237.149.122'),
(99, 7, '2024-08-22 07:59:46', '58.237.149.122'),
(100, 5, '2024-08-22 08:01:01', '58.237.149.122'),
(101, 3, '2024-08-23 10:30:44', '125.133.62.73'),
(102, 9, '2024-08-23 10:46:23', '125.133.62.73'),
(103, 9, '2024-08-23 10:53:17', '125.133.62.73'),
(104, 10, '2024-08-23 10:54:48', '125.133.62.73'),
(105, 12, '2024-08-23 10:55:09', '125.133.62.73'),
(106, 11, '2024-08-23 10:56:02', '125.133.62.73'),
(107, 9, '2024-08-23 10:56:23', '125.133.62.73'),
(108, 10, '2024-08-23 10:59:25', '125.133.62.73'),
(109, 11, '2024-08-23 11:03:56', '125.133.62.73'),
(110, 7, '2024-08-23 12:08:46', '58.237.149.122'),
(111, 4, '2024-08-25 21:31:02', '58.237.149.122'),
(112, 2, '2024-08-25 21:31:14', '58.237.149.122'),
(113, 1, '2024-08-25 21:58:14', '58.237.149.122'),
(114, 6, '2024-08-25 21:59:07', '58.237.149.122'),
(115, 7, '2024-08-25 21:59:30', '58.237.149.122'),
(116, 9, '2024-08-26 11:16:30', '125.133.62.73'),
(117, 10, '2024-08-26 11:17:36', '125.133.62.73'),
(118, 11, '2024-08-26 11:17:59', '125.133.62.73'),
(119, 12, '2024-08-26 11:18:15', '125.133.62.73'),
(120, 16, '2024-08-26 11:21:06', '125.133.62.73'),
(121, 9, '2024-08-26 11:24:16', '125.133.62.73'),
(122, 10, '2024-08-26 11:34:47', '125.133.62.73'),
(123, 11, '2024-08-26 11:35:07', '125.133.62.73'),
(124, 12, '2024-08-26 11:35:30', '125.133.62.73'),
(125, 7, '2024-08-26 15:50:55', '58.237.149.122'),
(126, 7, '2024-08-26 15:51:09', '58.237.149.122'),
(127, 9, '2024-08-26 16:35:24', '125.133.62.73'),
(128, 10, '2024-08-26 16:36:24', '125.133.62.73'),
(129, 11, '2024-08-26 16:38:02', '125.133.62.73'),
(130, 12, '2024-08-26 16:38:20', '125.133.62.73'),
(131, 11, '2024-08-26 16:40:55', '125.133.62.73'),
(132, 10, '2024-08-26 16:41:11', '125.133.62.73'),
(133, 9, '2024-08-26 16:41:28', '125.133.62.73'),
(134, 16, '2024-08-26 16:45:57', '125.133.62.73'),
(135, 9, '2024-08-26 16:54:35', '125.133.62.73'),
(136, 10, '2024-08-27 10:41:05', '125.133.62.73'),
(137, 11, '2024-08-27 10:41:35', '125.133.62.73'),
(138, 12, '2024-08-27 10:41:56', '125.133.62.73'),
(139, 3, '2024-08-27 15:16:51', '125.133.62.73'),
(140, 17, '2024-08-29 14:52:07', '::1'),
(141, 18, '2024-08-29 14:54:54', '::1'),
(142, 18, '2024-08-29 14:56:29', '::1'),
(143, 19, '2024-08-29 14:57:13', '::1'),
(144, 20, '2024-08-29 14:57:50', '::1'),
(145, 21, '2024-08-29 14:58:17', '::1'),
(146, 17, '2024-08-29 14:58:45', '::1'),
(147, 18, '2024-08-29 14:59:46', '::1'),
(148, 19, '2024-08-29 15:10:09', '::1'),
(149, 17, '2024-08-29 15:14:49', '::1'),
(150, 18, '2024-08-29 22:29:52', '::1'),
(151, 19, '2024-08-29 22:30:18', '::1'),
(152, 20, '2024-08-29 22:30:50', '::1'),
(153, 17, '2024-08-31 17:02:16', '::1'),
(154, 20, '2024-08-31 17:04:18', '::1'),
(155, 19, '2024-08-31 17:35:03', '::1'),
(156, 17, '2024-08-31 17:40:47', '::1'),
(157, 19, '2024-08-31 17:41:03', '::1'),
(158, 17, '2024-08-31 17:41:13', '::1'),
(159, 18, '2024-09-01 22:43:23', '::1'),
(160, 19, '2024-09-01 22:43:45', '::1'),
(161, 20, '2024-09-01 22:44:06', '::1'),
(162, 18, '2024-09-01 22:44:50', '::1'),
(163, 20, '2024-09-01 22:45:44', '::1'),
(164, 17, '2024-09-01 22:46:12', '::1'),
(165, 18, '2024-09-01 22:49:25', '::1'),
(166, 19, '2024-09-01 22:49:49', '::1'),
(167, 18, '2024-09-01 22:50:20', '::1'),
(168, 17, '2024-09-01 22:50:40', '::1'),
(169, 18, '2024-09-01 22:59:23', '::1'),
(170, 19, '2024-09-01 22:59:39', '::1'),
(171, 21, '2024-09-01 22:59:53', '::1'),
(172, 17, '2024-09-01 23:00:04', '::1'),
(173, 18, '2024-09-01 23:01:01', '::1'),
(174, 19, '2024-09-01 23:02:17', '::1'),
(175, 17, '2024-09-01 23:03:20', '::1'),
(176, 18, '2024-09-01 23:08:31', '::1'),
(177, 19, '2024-09-01 23:08:48', '::1'),
(178, 20, '2024-09-01 23:08:56', '::1'),
(179, 19, '2024-09-01 23:09:17', '::1'),
(180, 18, '2024-09-01 23:10:09', '::1'),
(181, 17, '2024-09-01 23:10:50', '::1'),
(182, 18, '2024-09-01 23:28:27', '::1'),
(183, 17, '2024-09-01 23:28:43', '::1'),
(184, 19, '2024-09-01 23:29:16', '::1'),
(185, 20, '2024-09-01 23:29:32', '::1'),
(186, 18, '2024-09-01 23:30:54', '::1'),
(187, 20, '2024-09-01 23:32:01', '::1'),
(188, 18, '2024-09-01 23:32:16', '::1'),
(189, 17, '2024-09-01 23:32:25', '::1'),
(190, 18, '2024-09-02 00:14:09', '::1'),
(191, 19, '2024-09-02 00:14:47', '::1'),
(192, 20, '2024-09-02 00:15:05', '::1'),
(193, 19, '2024-09-02 00:26:26', '::1'),
(194, 20, '2024-09-02 00:27:32', '::1'),
(195, 18, '2024-09-02 00:27:55', '::1'),
(196, 17, '2024-09-02 00:29:00', '::1'),
(197, 18, '2024-09-02 00:42:57', '::1'),
(198, 19, '2024-09-02 00:43:19', '::1'),
(199, 20, '2024-09-02 00:43:39', '::1'),
(200, 19, '2024-09-02 00:44:59', '::1'),
(201, 18, '2024-09-02 00:46:10', '::1'),
(202, 17, '2024-09-02 00:47:11', '::1'),
(203, 17, '2024-09-02 01:10:31', '::1'),
(204, 17, '2024-09-02 01:11:15', '::1'),
(205, 18, '2024-09-02 01:15:38', '::1'),
(206, 19, '2024-09-02 01:16:02', '::1'),
(207, 20, '2024-09-02 01:16:14', '::1'),
(208, 19, '2024-09-02 01:17:17', '::1'),
(209, 17, '2024-09-02 01:18:22', '::1'),
(210, 18, '2024-09-02 01:26:17', '::1'),
(211, 17, '2024-09-02 01:32:44', '::1'),
(212, 17, '2024-09-02 01:51:26', '::1'),
(213, 19, '2024-09-02 02:28:23', '::1'),
(214, 17, '2024-09-02 13:11:47', '::1'),
(215, 17, '2024-09-02 16:49:42', '::1'),
(216, 17, '2024-09-02 20:25:31', '::1'),
(217, 17, '2024-09-02 21:09:26', '::1'),
(218, 17, '2024-09-02 22:18:26', '::1'),
(219, 17, '2024-09-02 22:19:25', '::1'),
(220, 17, '2024-09-02 22:19:37', '::1'),
(221, 17, '2024-09-02 22:30:51', '::1'),
(222, 17, '2024-09-02 22:33:15', '::1'),
(223, 17, '2024-09-02 22:37:33', '::1'),
(224, 17, '2024-09-02 22:46:47', '::1'),
(225, 17, '2024-09-02 22:48:36', '::1'),
(226, 17, '2024-09-02 22:49:25', '::1'),
(227, 17, '2024-09-02 22:58:12', '::1'),
(228, 17, '2024-09-03 13:32:25', '::1'),
(229, 17, '2024-09-03 11:08:09', '::1'),
(230, 17, '2024-09-04 14:28:39', '::1'),
(231, 17, '2024-09-04 14:34:48', '::1'),
(232, 18, '2024-09-04 14:46:32', '::1'),
(233, 17, '2024-09-04 16:13:53', '::1'),
(234, 17, '2024-09-06 17:28:54', '::1');

-- --------------------------------------------------------

--
-- 테이블 구조 `user_type`
--

CREATE TABLE `user_type` (
  `num` int(11) NOT NULL,
  `name` char(100) DEFAULT NULL,
  `createdAt` datetime DEFAULT current_timestamp(),
  `updatedAt` char(20) DEFAULT NULL,
  `isActive` int(11) DEFAULT 0
) ENGINE=InnoDB DEFAULT CHARSET=utf8 COLLATE=utf8_general_ci;

--
-- 테이블의 덤프 데이터 `user_type`
--

INSERT INTO `user_type` (`num`, `name`, `createdAt`, `updatedAt`, `isActive`) VALUES
(1, '학생', '2024-06-29 15:52:22', NULL, 0),
(2, '조교', '2024-06-29 15:52:24', NULL, 0),
(3, '교수', '2024-06-29 15:52:27', NULL, 0);

--
-- 덤프된 테이블의 인덱스
--

--
-- 테이블의 인덱스 `evalution`
--
ALTER TABLE `evalution`
  ADD PRIMARY KEY (`num`);

--
-- 테이블의 인덱스 `evalution_log`
--
ALTER TABLE `evalution_log`
  ADD PRIMARY KEY (`num`);

--
-- 테이블의 인덱스 `improve_messages`
--
ALTER TABLE `improve_messages`
  ADD PRIMARY KEY (`num`);

--
-- 테이블의 인덱스 `lead_teample`
--
ALTER TABLE `lead_teample`
  ADD PRIMARY KEY (`num`);

--
-- 테이블의 인덱스 `lead_teample_member`
--
ALTER TABLE `lead_teample_member`
  ADD PRIMARY KEY (`num`);

--
-- 테이블의 인덱스 `remaining_time_messages`
--
ALTER TABLE `remaining_time_messages`
  ADD PRIMARY KEY (`num`);

--
-- 테이블의 인덱스 `search`
--
ALTER TABLE `search`
  ADD PRIMARY KEY (`num`);

--
-- 테이블의 인덱스 `talk`
--
ALTER TABLE `talk`
  ADD PRIMARY KEY (`num`);

--
-- 테이블의 인덱스 `talk_cate`
--
ALTER TABLE `talk_cate`
  ADD PRIMARY KEY (`num`);

--
-- 테이블의 인덱스 `talk_cmt`
--
ALTER TABLE `talk_cmt`
  ADD PRIMARY KEY (`num`);

--
-- 테이블의 인덱스 `task`
--
ALTER TABLE `task`
  ADD PRIMARY KEY (`num`);

--
-- 테이블의 인덱스 `task_attachment`
--
ALTER TABLE `task_attachment`
  ADD PRIMARY KEY (`num`);

--
-- 테이블의 인덱스 `task_eval`
--
ALTER TABLE `task_eval`
  ADD PRIMARY KEY (`num`);

--
-- 테이블의 인덱스 `task_log`
--
ALTER TABLE `task_log`
  ADD PRIMARY KEY (`num`);

--
-- 테이블의 인덱스 `task_type`
--
ALTER TABLE `task_type`
  ADD PRIMARY KEY (`num`);

--
-- 테이블의 인덱스 `teample`
--
ALTER TABLE `teample`
  ADD PRIMARY KEY (`num`);

--
-- 테이블의 인덱스 `teample_cate`
--
ALTER TABLE `teample_cate`
  ADD PRIMARY KEY (`num`);

--
-- 테이블의 인덱스 `teample_leader`
--
ALTER TABLE `teample_leader`
  ADD PRIMARY KEY (`num`);

--
-- 테이블의 인덱스 `teample_log`
--
ALTER TABLE `teample_log`
  ADD PRIMARY KEY (`num`);

--
-- 테이블의 인덱스 `teample_member`
--
ALTER TABLE `teample_member`
  ADD PRIMARY KEY (`num`);

--
-- 테이블의 인덱스 `teample_notice`
--
ALTER TABLE `teample_notice`
  ADD PRIMARY KEY (`num`);

--
-- 테이블의 인덱스 `user`
--
ALTER TABLE `user`
  ADD PRIMARY KEY (`num`);

--
-- 테이블의 인덱스 `user_log`
--
ALTER TABLE `user_log`
  ADD PRIMARY KEY (`num`);

--
-- 테이블의 인덱스 `user_login`
--
ALTER TABLE `user_login`
  ADD PRIMARY KEY (`num`);

--
-- 테이블의 인덱스 `user_type`
--
ALTER TABLE `user_type`
  ADD PRIMARY KEY (`num`);

--
-- 덤프된 테이블의 AUTO_INCREMENT
--

--
-- 테이블의 AUTO_INCREMENT `evalution`
--
ALTER TABLE `evalution`
  MODIFY `num` int(11) NOT NULL AUTO_INCREMENT;

--
-- 테이블의 AUTO_INCREMENT `evalution_log`
--
ALTER TABLE `evalution_log`
  MODIFY `num` int(11) NOT NULL AUTO_INCREMENT;

--
-- 테이블의 AUTO_INCREMENT `improve_messages`
--
ALTER TABLE `improve_messages`
  MODIFY `num` int(11) NOT NULL AUTO_INCREMENT, AUTO_INCREMENT=11;

--
-- 테이블의 AUTO_INCREMENT `lead_teample`
--
ALTER TABLE `lead_teample`
  MODIFY `num` int(11) NOT NULL AUTO_INCREMENT, AUTO_INCREMENT=24;

--
-- 테이블의 AUTO_INCREMENT `lead_teample_member`
--
ALTER TABLE `lead_teample_member`
  MODIFY `num` int(11) NOT NULL AUTO_INCREMENT, AUTO_INCREMENT=93;

--
-- 테이블의 AUTO_INCREMENT `remaining_time_messages`
--
ALTER TABLE `remaining_time_messages`
  MODIFY `num` int(11) NOT NULL AUTO_INCREMENT, AUTO_INCREMENT=11;

--
-- 테이블의 AUTO_INCREMENT `search`
--
ALTER TABLE `search`
  MODIFY `num` int(11) NOT NULL AUTO_INCREMENT, AUTO_INCREMENT=292;

--
-- 테이블의 AUTO_INCREMENT `talk`
--
ALTER TABLE `talk`
  MODIFY `num` int(11) NOT NULL AUTO_INCREMENT, AUTO_INCREMENT=26;

--
-- 테이블의 AUTO_INCREMENT `talk_cate`
--
ALTER TABLE `talk_cate`
  MODIFY `num` int(11) NOT NULL AUTO_INCREMENT, AUTO_INCREMENT=3;

--
-- 테이블의 AUTO_INCREMENT `talk_cmt`
--
ALTER TABLE `talk_cmt`
  MODIFY `num` int(11) NOT NULL AUTO_INCREMENT, AUTO_INCREMENT=10;

--
-- 테이블의 AUTO_INCREMENT `task`
--
ALTER TABLE `task`
  MODIFY `num` int(11) NOT NULL AUTO_INCREMENT, AUTO_INCREMENT=54;

--
-- 테이블의 AUTO_INCREMENT `task_attachment`
--
ALTER TABLE `task_attachment`
  MODIFY `num` int(11) NOT NULL AUTO_INCREMENT;

--
-- 테이블의 AUTO_INCREMENT `task_eval`
--
ALTER TABLE `task_eval`
  MODIFY `num` int(11) NOT NULL AUTO_INCREMENT, AUTO_INCREMENT=1728;

--
-- 테이블의 AUTO_INCREMENT `task_log`
--
ALTER TABLE `task_log`
  MODIFY `num` int(11) NOT NULL AUTO_INCREMENT;

--
-- 테이블의 AUTO_INCREMENT `task_type`
--
ALTER TABLE `task_type`
  MODIFY `num` int(11) NOT NULL AUTO_INCREMENT, AUTO_INCREMENT=5;

--
-- 테이블의 AUTO_INCREMENT `teample`
--
ALTER TABLE `teample`
  MODIFY `num` int(11) NOT NULL AUTO_INCREMENT, AUTO_INCREMENT=143;

--
-- 테이블의 AUTO_INCREMENT `teample_cate`
--
ALTER TABLE `teample_cate`
  MODIFY `num` int(11) NOT NULL AUTO_INCREMENT, AUTO_INCREMENT=6;

--
-- 테이블의 AUTO_INCREMENT `teample_leader`
--
ALTER TABLE `teample_leader`
  MODIFY `num` int(11) NOT NULL AUTO_INCREMENT;

--
-- 테이블의 AUTO_INCREMENT `teample_log`
--
ALTER TABLE `teample_log`
  MODIFY `num` int(11) NOT NULL AUTO_INCREMENT;

--
-- 테이블의 AUTO_INCREMENT `teample_member`
--
ALTER TABLE `teample_member`
  MODIFY `num` int(11) NOT NULL AUTO_INCREMENT, AUTO_INCREMENT=281;

--
-- 테이블의 AUTO_INCREMENT `teample_notice`
--
ALTER TABLE `teample_notice`
  MODIFY `num` int(11) NOT NULL AUTO_INCREMENT, AUTO_INCREMENT=3;

--
-- 테이블의 AUTO_INCREMENT `user`
--
ALTER TABLE `user`
  MODIFY `num` int(11) NOT NULL AUTO_INCREMENT, AUTO_INCREMENT=25;

--
-- 테이블의 AUTO_INCREMENT `user_log`
--
ALTER TABLE `user_log`
  MODIFY `num` int(11) NOT NULL AUTO_INCREMENT;

--
-- 테이블의 AUTO_INCREMENT `user_login`
--
ALTER TABLE `user_login`
  MODIFY `num` int(11) NOT NULL AUTO_INCREMENT, AUTO_INCREMENT=235;

--
-- 테이블의 AUTO_INCREMENT `user_type`
--
ALTER TABLE `user_type`
  MODIFY `num` int(11) NOT NULL AUTO_INCREMENT, AUTO_INCREMENT=4;
COMMIT;

/*!40101 SET CHARACTER_SET_CLIENT=@OLD_CHARACTER_SET_CLIENT */;
/*!40101 SET CHARACTER_SET_RESULTS=@OLD_CHARACTER_SET_RESULTS */;
/*!40101 SET COLLATION_CONNECTION=@OLD_COLLATION_CONNECTION */;
